id,date,store_nbr,item_nbr,unit_sales,onpromotion,city,state,type_x,cluster,family,class,perishable,dcoilwtico,transactions,type_y,locale,transferred,day,day_of_week,week,month,quarter,year,is_weekend,is_holiday,lag_1,lag_7,lag_14,lag_30,rolling_mean_7,rolling_mean_30,rolling_std_7,predicted_demand
495190,2013-01-14,9,828630,30.0,0.0,2,3,0,6,6,2636,1,94.27,2009,-1,-1,-1,14,0,3,1,1,2013,0,0,35.0,0.0,0.0,0.0,0.0,0.0,0.0,21.999702
491927,2013-01-14,6,716241,2.0,0.0,2,3,2,13,4,3020,0,94.27,1545,-1,-1,-1,14,0,3,1,1,2013,0,0,4.0,3.0,0.0,0.0,2.142857142857143,0.0,1.0690449676496978,2.879745
498791,2013-01-14,14,939129,16.0,0.0,3,0,1,7,5,2104,1,94.27,1700,-1,-1,-1,14,0,3,1,1,2013,0,0,19.0,14.0,0.0,0.0,10.0,0.0,6.708203932499369,10.575805
488556,2013-01-14,3,410257,68.0,0.0,2,3,2,8,9,1072,0,94.27,2785,-1,-1,-1,14,0,3,1,1,2013,0,0,72.0,60.0,0.0,0.0,65.28571428571429,0.0,22.13379230734674,55.061226
489776,2013-01-14,4,517904,1.0,0.0,2,3,2,9,6,2636,1,94.27,1321,-1,-1,-1,14,0,3,1,1,2013,0,0,8.0,3.0,0.0,0.0,4.142857142857143,0.0,2.6095064302514777,6.3119082
495189,2013-01-14,9,828204,15.0,0.0,2,3,0,6,9,1060,0,94.27,2009,-1,-1,-1,14,0,3,1,1,2013,0,0,44.0,48.0,0.0,0.0,45.142857142857146,0.0,30.344843446778953,36.272926
488555,2013-01-14,3,410150,19.0,0.0,2,3,2,8,12,7016,0,94.27,2785,-1,-1,-1,14,0,3,1,1,2013,0,0,18.0,17.0,0.0,0.0,18.428571428571427,0.0,9.93071234197465,15.714465
498799,2013-01-14,14,940592,1.0,0.0,3,0,1,7,4,3016,0,94.27,1700,-1,-1,-1,14,0,3,1,1,2013,0,0,1.0,2.0,0.0,0.0,2.5714285714285716,0.0,1.5118578920369088,2.580887
491931,2013-01-14,6,723210,9.0,0.0,2,3,2,13,5,2124,1,94.27,1545,-1,-1,-1,14,0,3,1,1,2013,0,0,12.0,5.0,0.0,0.0,5.285714285714286,0.0,3.6384193323605856,5.5216956
495184,2013-01-14,9,819934,7.0,0.0,2,3,0,6,2,1122,0,94.27,2009,-1,-1,-1,14,0,3,1,1,2013,0,0,21.0,0.0,0.0,0.0,0.0,0.0,0.0,19.545841
491224,2013-01-14,5,1038962,2.0,0.0,4,4,2,4,3,2718,1,94.27,1457,-1,-1,-1,14,0,3,1,1,2013,0,0,1.0,1.0,0.0,0.0,1.8571428571428572,0.0,1.2149857925879117,2.566262
498809,2013-01-14,14,956014,10.0,0.0,3,0,1,7,9,1088,0,94.27,1700,-1,-1,-1,14,0,3,1,1,2013,0,0,12.0,15.0,0.0,0.0,15.428571428571429,0.0,3.457221565416506,13.247159
488541,2013-01-14,3,401911,2.0,0.0,2,3,2,8,4,3012,0,94.27,2785,-1,-1,-1,14,0,3,1,1,2013,0,0,11.0,8.0,0.0,0.0,7.857142857142857,0.0,2.6726124191242433,7.068756
491935,2013-01-14,6,724498,10.0,0.0,2,3,2,13,9,1028,0,94.27,1545,-1,-1,-1,14,0,3,1,1,2013,0,0,19.0,6.0,0.0,0.0,9.142857142857142,0.0,5.398412465054624,9.252679
495934,2013-01-14,10,864508,2.0,0.0,2,3,1,15,9,1048,0,94.27,1000,-1,-1,-1,14,0,3,1,1,2013,0,0,2.0,1.0,0.0,0.0,1.7142857142857142,0.0,0.9511897312113421,2.0935886
498810,2013-01-14,14,958514,3.0,0.0,3,0,1,7,1,4252,0,94.27,1700,-1,-1,-1,14,0,3,1,1,2013,0,0,3.0,4.0,0.0,0.0,1.8571428571428572,0.0,1.2149857925879117,2.1457167
488540,2013-01-14,3,401817,28.0,0.0,2,3,2,8,9,1078,0,94.27,2785,-1,-1,-1,14,0,3,1,1,2013,0,0,29.0,23.0,0.0,0.0,23.714285714285715,0.0,13.412858081138479,21.8128
495179,2013-01-14,9,819194,2.0,0.0,2,3,0,6,9,1002,0,94.27,2009,-1,-1,-1,14,0,3,1,1,2013,0,0,11.0,5.0,0.0,0.0,4.428571428571429,0.0,3.408672412985387,6.239959
491936,2013-01-14,6,730258,6.0,0.0,2,3,2,13,2,1122,0,94.27,1545,-1,-1,-1,14,0,3,1,1,2013,0,0,17.0,16.0,0.0,0.0,9.142857142857142,0.0,8.15329322888552,8.404981
489782,2013-01-14,4,521818,3.0,0.0,2,3,2,9,9,1058,0,94.27,1321,-1,-1,-1,14,0,3,1,1,2013,0,0,5.0,3.0,0.0,0.0,3.142857142857143,0.0,1.5735915849388864,2.996855
488539,2013-01-14,3,378685,46.0,0.0,2,3,2,8,5,2102,1,94.27,2785,-1,-1,-1,14,0,3,1,1,2013,0,0,49.0,4.0,0.0,0.0,42.57142857142857,0.0,19.535072245042958,54.72135
498811,2013-01-14,14,959502,1.0,0.0,3,0,1,7,4,3040,0,94.27,1700,-1,-1,-1,14,0,3,1,1,2013,0,0,2.0,0.0,0.0,0.0,0.0,0.0,0.0,2.9454021
489783,2013-01-14,4,522383,8.0,0.0,2,3,2,9,9,1002,0,94.27,1321,-1,-1,-1,14,0,3,1,1,2013,0,0,3.0,0.0,0.0,0.0,0.0,0.0,0.0,2.0218627
497457,2013-01-14,12,872306,1.0,0.0,1,1,1,15,9,1034,0,94.27,1147,-1,-1,-1,14,0,3,1,1,2013,0,0,6.0,1.0,0.0,0.0,3.142857142857143,0.0,2.193062655175134,3.2028906
488538,2013-01-14,3,378332,3.0,0.0,2,3,2,8,9,1032,0,94.27,2785,-1,-1,-1,14,0,3,1,1,2013,0,0,1.0,5.0,0.0,0.0,2.4285714285714284,0.0,1.618347187425374,2.3960228
491937,2013-01-14,6,730259,6.0,0.0,2,3,2,13,2,1122,0,94.27,1545,-1,-1,-1,14,0,3,1,1,2013,0,0,6.0,6.0,0.0,0.0,11.714285714285714,0.0,6.969320524371695,9.533917
498812,2013-01-14,14,962601,1.0,0.0,3,0,1,7,4,3004,0,94.27,1700,-1,-1,-1,14,0,3,1,1,2013,0,0,2.0,2.0,0.0,0.0,3.0,0.0,2.3094010767585034,2.954894
488537,2013-01-14,3,378330,3.0,0.0,2,3,2,8,9,1032,0,94.27,2785,-1,-1,-1,14,0,3,1,1,2013,0,0,3.0,3.0,0.0,0.0,4.714285714285714,0.0,1.799470821684875,3.6788116
497456,2013-01-14,12,871421,8.0,0.0,1,1,1,15,2,1124,0,94.27,1147,-1,-1,-1,14,0,3,1,1,2013,0,0,2.0,4.0,0.0,0.0,2.0,0.0,1.0,2.749648
498813,2013-01-14,14,964752,20.0,0.0,3,0,1,7,9,1088,0,94.27,1700,-1,-1,-1,14,0,3,1,1,2013,0,0,13.0,20.0,0.0,0.0,17.0,0.0,9.01849950564579,14.158824
495935,2013-01-14,10,864510,3.0,0.0,2,3,1,15,9,1048,0,94.27,1000,-1,-1,-1,14,0,3,1,1,2013,0,0,3.0,6.0,0.0,0.0,3.7142857142857144,0.0,2.138089935299396,2.7597547
491938,2013-01-14,6,732006,2.0,0.0,2,3,2,13,6,2642,1,94.27,1545,-1,-1,-1,14,0,3,1,1,2013,0,0,3.0,3.0,0.0,0.0,2.857142857142857,0.0,1.0690449676496974,2.5234933
498814,2013-01-14,14,964753,9.0,0.0,3,0,1,7,9,1088,0,94.27,1700,-1,-1,-1,14,0,3,1,1,2013,0,0,7.0,3.0,0.0,0.0,6.857142857142857,0.0,2.2677868380553625,6.319935
488536,2013-01-14,3,376483,3.0,0.0,2,3,2,8,17,2966,1,94.27,2785,-1,-1,-1,14,0,3,1,1,2013,0,0,8.0,9.0,0.0,0.0,11.142857142857142,0.0,6.039552175136039,11.953704
489784,2013-01-14,4,522721,3.0,0.0,2,3,2,9,4,3016,0,94.27,1321,-1,-1,-1,14,0,3,1,1,2013,0,0,4.0,6.0,0.0,0.0,3.142857142857143,0.0,1.9518001458970655,2.7951927
495180,2013-01-14,9,819195,1.0,0.0,2,3,0,6,9,1002,0,94.27,2009,-1,-1,-1,14,0,3,1,1,2013,0,0,6.0,10.0,0.0,0.0,4.857142857142857,0.0,3.1847852585154226,3.6016977
488542,2013-01-14,3,402136,6.0,0.0,2,3,2,8,4,3008,0,94.27,2785,-1,-1,-1,14,0,3,1,1,2013,0,0,11.0,9.0,0.0,0.0,8.285714285714286,0.0,2.0586634591635433,7.3414106
498808,2013-01-14,14,956013,10.0,0.0,3,0,1,7,9,1088,0,94.27,1700,-1,-1,-1,14,0,3,1,1,2013,0,0,2.0,10.0,0.0,0.0,5.285714285714286,0.0,2.8115408417381946,5.0451846
495181,2013-01-14,9,819227,0.92,0.0,2,3,0,6,14,2304,1,94.27,2009,-1,-1,-1,14,0,3,1,1,2013,0,0,10.211,5.22,0.0,0.0,14.240142857142857,0.0,7.445934448376762,10.869813
491226,2013-01-14,5,1040170,1.0,0.0,4,4,2,4,8,2222,0,94.27,1457,-1,-1,-1,14,0,3,1,1,2013,0,0,3.0,2.0,0.0,0.0,2.7142857142857144,0.0,0.951189731211342,2.6653936
497459,2013-01-14,12,874593,6.0,0.0,1,1,1,15,9,1016,0,94.27,1147,-1,-1,-1,14,0,3,1,1,2013,0,0,40.0,6.0,0.0,0.0,15.142857142857142,0.0,13.813382055438987,14.1438675
488547,2013-01-14,3,406965,7.0,0.0,2,3,2,8,4,3015,0,94.27,2785,-1,-1,-1,14,0,3,1,1,2013,0,0,7.0,20.0,0.0,0.0,9.571428571428571,0.0,5.968169536721259,8.440045
498800,2013-01-14,14,946671,1.0,0.0,3,0,1,7,6,2636,1,94.27,1700,-1,-1,-1,14,0,3,1,1,2013,0,0,3.0,7.0,0.0,0.0,3.857142857142857,0.0,3.0783421635988537,3.3379376
491932,2013-01-14,6,724003,3.0,0.0,2,3,2,13,9,1026,0,94.27,1545,-1,-1,-1,14,0,3,1,1,2013,0,0,5.0,1.0,0.0,0.0,3.0,0.0,1.6329931618554523,3.1511118
489779,2013-01-14,4,518091,3.0,0.0,2,3,2,9,2,1122,0,94.27,1321,-1,-1,-1,14,0,3,1,1,2013,0,0,7.0,10.0,0.0,0.0,11.0,0.0,7.047458170621991,8.408109
498801,2013-01-14,14,949053,5.0,0.0,3,0,1,7,9,1062,0,94.27,1700,-1,-1,-1,14,0,3,1,1,2013,0,0,5.0,3.0,0.0,0.0,3.5714285714285716,0.0,0.7867957924694438,3.2525206
495183,2013-01-14,9,819933,14.0,0.0,2,3,0,6,2,1122,0,94.27,2009,-1,-1,-1,14,0,3,1,1,2013,0,0,11.0,0.0,0.0,0.0,0.0,0.0,0.0,12.168557
491933,2013-01-14,6,724359,5.0,0.0,2,3,2,13,17,2956,1,94.27,1545,-1,-1,-1,14,0,3,1,1,2013,0,0,21.0,3.0,0.0,0.0,10.0,0.0,6.557438524302,9.665016
488546,2013-01-14,3,404336,10.0,0.0,2,3,2,8,9,1045,0,94.27,2785,-1,-1,-1,14,0,3,1,1,2013,0,0,10.0,6.0,0.0,0.0,14.857142857142858,0.0,8.008923594519878,12.243904
498802,2013-01-14,14,949297,4.0,0.0,3,0,1,7,4,3020,0,94.27,1700,-1,-1,-1,14,0,3,1,1,2013,0,0,7.0,2.0,0.0,0.0,4.428571428571429,0.0,3.552329886011098,4.830941
495933,2013-01-14,10,862454,10.0,0.0,2,3,1,15,9,1088,0,94.27,1000,-1,-1,-1,14,0,3,1,1,2013,0,0,15.0,4.0,0.0,0.0,6.714285714285714,0.0,5.023753102820166,6.1561003
498815,2013-01-14,14,968432,14.0,0.0,3,0,1,7,2,1122,0,94.27,1700,-1,-1,-1,14,0,3,1,1,2013,0,0,6.0,12.0,0.0,0.0,9.857142857142858,0.0,5.3363086938623105,8.38987
498803,2013-01-14,14,953404,5.0,0.0,3,0,1,7,4,3046,0,94.27,1700,-1,-1,-1,14,0,3,1,1,2013,0,0,4.0,5.0,0.0,0.0,5.285714285714286,0.0,2.4299715851758235,4.33159
495182,2013-01-14,9,819932,52.0,0.0,2,3,0,6,2,1122,0,94.27,2009,-1,-1,-1,14,0,3,1,1,2013,0,0,76.0,97.0,0.0,0.0,73.85714285714286,0.0,38.6972375044549,70.95456
498804,2013-01-14,14,953413,1.0,0.0,3,0,1,7,4,3046,0,94.27,1700,-1,-1,-1,14,0,3,1,1,2013,0,0,1.0,0.0,0.0,0.0,0.0,0.0,0.0,2.5751452
489780,2013-01-14,4,518094,4.0,0.0,2,3,2,9,2,1122,0,94.27,1321,-1,-1,-1,14,0,3,1,1,2013,0,0,13.0,5.0,0.0,0.0,8.428571428571429,0.0,4.928053803045813,6.7686152
497458,2013-01-14,12,872310,1.0,0.0,1,1,1,15,9,1034,0,94.27,1147,-1,-1,-1,14,0,3,1,1,2013,0,0,2.0,0.0,0.0,0.0,0.0,0.0,0.0,2.0866203
491225,2013-01-14,5,1039087,4.0,0.0,4,4,2,4,4,3020,0,94.27,1457,-1,-1,-1,14,0,3,1,1,2013,0,0,2.0,4.0,0.0,0.0,2.142857142857143,0.0,0.8997354108424375,2.3977094
488544,2013-01-14,3,402175,30.0,0.0,2,3,2,8,9,1096,0,94.27,2785,-1,-1,-1,14,0,3,1,1,2013,0,0,9.0,17.0,0.0,0.0,11.0,0.0,3.5118845842842474,9.653444
489781,2013-01-14,4,519560,1.604,0.0,2,3,2,9,6,2662,1,94.27,1321,-1,-1,-1,14,0,3,1,1,2013,0,0,1.468,3.33,0.0,0.0,2.3981428571428576,0.0,0.8566820547070793,2.1476705
498805,2013-01-14,14,953609,7.0,0.0,3,0,1,7,4,3046,0,94.27,1700,-1,-1,-1,14,0,3,1,1,2013,0,0,7.0,4.0,0.0,0.0,5.285714285714286,0.0,3.0394235042348474,5.1880198
498806,2013-01-14,14,956011,1.0,0.0,3,0,1,7,9,1064,0,94.27,1700,-1,-1,-1,14,0,3,1,1,2013,0,0,1.0,0.0,0.0,0.0,0.0,0.0,0.0,2.376209
488543,2013-01-14,3,402174,8.0,0.0,2,3,2,8,9,1096,0,94.27,2785,-1,-1,-1,14,0,3,1,1,2013,0,0,16.0,13.0,0.0,0.0,10.142857142857142,0.0,3.8483144114694956,9.59073
491934,2013-01-14,6,724403,5.0,0.0,2,3,2,13,3,2722,1,94.27,1545,-1,-1,-1,14,0,3,1,1,2013,0,0,10.0,2.0,0.0,0.0,5.142857142857143,0.0,3.28778402720188,5.203801
498807,2013-01-14,14,956012,9.0,0.0,3,0,1,7,9,1088,0,94.27,1700,-1,-1,-1,14,0,3,1,1,2013,0,0,7.0,12.0,0.0,0.0,9.0,0.0,3.214550253664318,8.120832
488545,2013-01-14,3,402299,3.0,0.0,2,3,2,8,3,2718,1,94.27,2785,-1,-1,-1,14,0,3,1,1,2013,0,0,11.0,37.0,0.0,0.0,13.0,0.0,11.0,13.497809
499199,2013-01-14,15,510054,31.0,0.0,0,2,1,15,9,1072,0,94.27,1368,-1,-1,-1,14,0,3,1,1,2013,0,0,15.0,26.0,0.0,0.0,15.428571428571429,0.0,5.255382728122435,14.201936
488399,2013-01-14,3,269029,2.0,0.0,2,3,2,8,2,1122,0,94.27,2785,-1,-1,-1,14,0,3,1,1,2013,0,0,7.0,19.0,0.0,0.0,27.857142857142858,0.0,12.428845098245873,21.958664
498964,2013-01-14,15,168931,2.0,0.0,0,2,1,15,4,3026,0,94.27,1368,-1,-1,-1,14,0,3,1,1,2013,0,0,2.0,4.0,0.0,0.0,3.0,0.0,1.2909944487358054,3.1605923
495989,2013-01-14,10,940591,4.0,0.0,2,3,1,15,4,3016,0,94.27,1000,-1,-1,-1,14,0,3,1,1,2013,0,0,7.0,4.0,0.0,0.0,4.428571428571429,0.0,2.0701966780270626,3.7966595
499119,2013-01-14,15,371437,2.0,0.0,0,2,1,15,4,3020,0,94.27,1368,-1,-1,-1,14,0,3,1,1,2013,0,0,1.0,26.0,0.0,0.0,12.428571428571429,0.0,10.783585409580354,9.049531
488257,2013-01-14,3,155607,2.0,0.0,2,3,2,8,9,1034,0,94.27,2785,-1,-1,-1,14,0,3,1,1,2013,0,0,1.0,1.0,0.0,0.0,1.8571428571428572,0.0,1.2149857925879117,2.6726165
489877,2013-01-14,4,639586,1.0,0.0,2,3,2,9,9,1004,0,94.27,1321,-1,-1,-1,14,0,3,1,1,2013,0,0,2.0,9.0,0.0,0.0,3.5714285714285716,0.0,2.99205296617238,3.3096707
495016,2013-01-14,9,583978,39.912,0.0,2,3,0,6,14,2302,1,94.27,2009,-1,-1,-1,14,0,3,1,1,2013,0,0,0.695,13.681,0.0,0.0,15.051285714285713,0.0,11.779269766759535,12.058737
492094,2013-01-14,6,851982,8.0,0.0,2,3,2,13,15,4114,0,94.27,1545,-1,-1,-1,14,0,3,1,1,2013,0,0,7.0,14.0,0.0,0.0,8.0,0.0,5.354126134736337,6.6418104
497354,2013-01-14,12,730259,2.0,0.0,1,1,1,15,2,1122,0,94.27,1147,-1,-1,-1,14,0,3,1,1,2013,0,0,3.0,3.0,0.0,0.0,2.857142857142857,0.0,2.0354009783964293,2.9943407
488256,2013-01-14,3,155601,3.0,0.0,2,3,2,8,9,1034,0,94.27,2785,-1,-1,-1,14,0,3,1,1,2013,0,0,3.0,2.0,0.0,0.0,2.7142857142857144,0.0,0.7559289460184527,3.1522048
499120,2013-01-14,15,371438,16.0,0.0,0,2,1,15,4,3020,0,94.27,1368,-1,-1,-1,14,0,3,1,1,2013,0,0,17.0,12.0,0.0,0.0,10.285714285714286,0.0,4.6084807950229365,9.713084
488255,2013-01-14,3,155600,3.0,0.0,2,3,2,8,9,1034,0,94.27,2785,-1,-1,-1,14,0,3,1,1,2013,0,0,3.0,7.0,0.0,0.0,2.5714285714285716,0.0,2.1491969707422394,3.3273938
499121,2013-01-14,15,372924,1.0,0.0,0,2,1,15,9,1002,0,94.27,1368,-1,-1,-1,14,0,3,1,1,2013,0,0,1.0,0.0,0.0,0.0,0.0,0.0,0.0,1.5125155
495015,2013-01-14,9,583977,6.628,0.0,2,3,0,6,14,2302,1,94.27,2009,-1,-1,-1,14,0,3,1,1,2013,0,0,9.379,3.372,0.0,0.0,8.518857142857142,0.0,3.337098261892181,7.129856
488254,2013-01-14,3,153398,7.0,0.0,2,3,2,8,3,2708,1,94.27,2785,-1,-1,-1,14,0,3,1,1,2013,0,0,15.0,21.0,0.0,0.0,12.285714285714286,0.0,5.2508502712826015,11.581147
497353,2013-01-14,12,730258,1.0,0.0,1,1,1,15,2,1122,0,94.27,1147,-1,-1,-1,14,0,3,1,1,2013,0,0,5.0,0.0,0.0,0.0,0.0,0.0,0.0,3.3316524
499122,2013-01-14,15,374464,2.0,0.0,0,2,1,15,9,1016,0,94.27,1368,-1,-1,-1,14,0,3,1,1,2013,0,0,1.0,3.0,0.0,0.0,2.2857142857142856,0.0,1.4960264830861913,2.7569442
489878,2013-01-14,4,641042,12.0,0.0,2,3,2,9,9,1026,0,94.27,1321,-1,-1,-1,14,0,3,1,1,2013,0,0,23.0,5.0,0.0,0.0,12.571428571428571,0.0,7.41298731635101,11.119966
499123,2013-01-14,15,377978,2.0,0.0,0,2,1,15,13,1386,0,94.27,1368,-1,-1,-1,14,0,3,1,1,2013,0,0,1.0,0.0,0.0,0.0,0.0,0.0,0.0,2.3225393
492095,2013-01-14,6,852110,18.0,0.0,2,3,2,13,4,3038,0,94.27,1545,-1,-1,-1,14,0,3,1,1,2013,0,0,20.0,20.0,0.0,0.0,13.857142857142858,0.0,4.670066788550658,17.817793
488253,2013-01-14,3,153395,9.0,0.0,2,3,2,8,3,2704,1,94.27,2785,-1,-1,-1,14,0,3,1,1,2013,0,0,11.0,8.0,0.0,0.0,9.428571428571429,0.0,3.3594217189442386,8.222617
495990,2013-01-14,10,940592,2.0,0.0,2,3,1,15,4,3016,0,94.27,1000,-1,-1,-1,14,0,3,1,1,2013,0,0,1.0,1.0,0.0,0.0,1.2857142857142858,0.0,0.48795003647426655,1.741043
499124,2013-01-14,15,378330,1.0,0.0,0,2,1,15,9,1032,0,94.27,1368,-1,-1,-1,14,0,3,1,1,2013,0,0,1.0,2.0,0.0,0.0,1.8571428571428572,0.0,1.2149857925879117,1.8534185
495014,2013-01-14,9,583975,20.033,0.0,2,3,0,6,14,2302,1,94.27,2009,-1,-1,-1,14,0,3,1,1,2013,0,0,19.002,13.741,0.0,0.0,13.897,0.0,4.394506532782334,17.52226
488252,2013-01-14,3,153267,46.0,0.0,2,3,2,8,9,1096,0,94.27,2785,-1,-1,-1,14,0,3,1,1,2013,0,0,52.0,56.0,0.0,0.0,41.57142857142857,0.0,9.65845299650591,42.824955
499125,2013-01-14,15,401817,4.0,0.0,0,2,1,15,9,1078,0,94.27,1368,-1,-1,-1,14,0,3,1,1,2013,0,0,2.0,1.0,0.0,0.0,1.7142857142857142,0.0,0.7559289460184544,2.303218
492096,2013-01-14,6,852620,1.0,0.0,2,3,2,13,4,3024,0,94.27,1545,-1,-1,-1,14,0,3,1,1,2013,0,0,5.0,10.0,0.0,0.0,3.857142857142857,0.0,3.1847852585154217,3.7555733
488258,2013-01-14,3,155610,2.0,0.0,2,3,2,8,9,1034,0,94.27,2785,-1,-1,-1,14,0,3,1,1,2013,0,0,11.0,7.0,0.0,0.0,6.428571428571429,0.0,3.6449573777637356,6.6302257
491169,2013-01-14,5,956014,9.0,0.0,4,4,2,4,9,1088,0,94.27,1457,-1,-1,-1,14,0,3,1,1,2013,0,0,3.0,7.0,0.0,0.0,6.142857142857143,0.0,3.670993118515817,5.061595
499118,2013-01-14,15,371130,6.0,0.0,0,2,1,15,4,3046,0,94.27,1368,-1,-1,-1,14,0,3,1,1,2013,0,0,3.0,2.0,0.0,0.0,3.5714285714285716,0.0,2.992052966172382,3.1475432
495017,2013-01-14,9,584030,33.014,0.0,2,3,0,6,14,2302,1,94.27,2009,-1,-1,-1,14,0,3,1,1,2013,0,0,25.825,19.99,0.0,0.0,16.34285714285714,0.0,6.518653578476959,16.454977
499111,2013-01-14,15,365264,2.0,0.0,0,2,1,15,4,3090,0,94.27,1368,-1,-1,-1,14,0,3,1,1,2013,0,0,3.0,2.0,0.0,0.0,2.5714285714285716,0.0,1.3972762620115438,2.6751518
495020,2013-01-14,9,584125,5.489,0.0,2,3,0,6,14,2302,1,94.27,2009,-1,-1,-1,14,0,3,1,1,2013,0,0,19.391,11.078,0.0,0.0,14.410285714285715,0.0,4.980511543817084,13.88388
488263,2013-01-14,3,158789,6.0,0.0,2,3,2,8,4,3044,0,94.27,2785,-1,-1,-1,14,0,3,1,1,2013,0,0,15.0,8.0,0.0,0.0,7.428571428571429,0.0,4.577377082170634,8.838724
499112,2013-01-14,15,368136,3.0,0.0,0,2,1,15,9,1040,0,94.27,1368,-1,-1,-1,14,0,3,1,1,2013,0,0,10.0,25.0,0.0,0.0,18.142857142857142,0.0,15.24716991694493,15.838007
492090,2013-01-14,6,849941,6.337,0.0,2,3,2,13,14,2302,1,94.27,1545,-1,-1,-1,14,0,3,1,1,2013,0,0,18.864,10.519,0.0,0.0,8.78357142857143,0.0,5.502925611501058,9.830614
495987,2013-01-14,10,939663,6.0,0.0,2,3,1,15,9,1045,0,94.27,1000,-1,-1,-1,14,0,3,1,1,2013,0,0,17.0,13.0,0.0,0.0,10.0,0.0,4.966554808583782,8.381627
489874,2013-01-14,4,638296,2.0,0.0,2,3,2,9,9,1062,0,94.27,1321,-1,-1,-1,14,0,3,1,1,2013,0,0,5.0,3.0,0.0,0.0,2.2857142857142856,0.0,1.3801311186847083,2.8082461
488262,2013-01-14,3,158788,11.0,0.0,2,3,2,8,4,3044,0,94.27,2785,-1,-1,-1,14,0,3,1,1,2013,0,0,12.0,9.0,0.0,0.0,8.428571428571429,0.0,2.0701966780270618,8.637814
499113,2013-01-14,15,368140,29.0,0.0,0,2,1,15,9,1040,0,94.27,1368,-1,-1,-1,14,0,3,1,1,2013,0,0,7.0,25.0,0.0,0.0,15.428571428571429,0.0,9.947481136065598,13.220304
495019,2013-01-14,9,584123,8.508,0.0,2,3,0,6,14,2302,1,94.27,2009,-1,-1,-1,14,0,3,1,1,2013,0,0,22.34,6.21,0.0,0.0,12.660857142857143,0.0,5.549067411994302,13.117601
489875,2013-01-14,4,638308,1.0,0.0,2,3,2,9,9,1062,0,94.27,1321,-1,-1,-1,14,0,3,1,1,2013,0,0,1.0,0.0,0.0,0.0,0.0,0.0,0.0,1.6765629
499114,2013-01-14,15,368260,6.0,0.0,0,2,1,15,9,1028,0,94.27,1368,-1,-1,-1,14,0,3,1,1,2013,0,0,3.0,9.0,0.0,0.0,16.571428571428573,0.0,35.56616905083229,87.63282
492091,2013-01-14,6,850333,4.0,0.0,2,3,2,13,9,1084,0,94.27,1545,-1,-1,-1,14,0,3,1,1,2013,0,0,8.0,2.0,0.0,0.0,5.714285714285714,0.0,2.497617912751113,7.379515
488261,2013-01-14,3,158680,11.0,0.0,2,3,2,8,7,2502,1,94.27,2785,-1,-1,-1,14,0,3,1,1,2013,0,0,20.0,18.0,0.0,0.0,15.0,0.0,3.9999999999999973,15.187044
491170,2013-01-14,5,957098,1.0,0.0,4,4,2,4,5,2130,1,94.27,1457,-1,-1,-1,14,0,3,1,1,2013,0,0,1.0,1.0,0.0,0.0,2.4285714285714284,0.0,1.5118578920369088,2.3750155
499115,2013-01-14,15,368270,2.0,0.0,0,2,1,15,9,1076,0,94.27,1368,-1,-1,-1,14,0,3,1,1,2013,0,0,5.0,1.0,0.0,0.0,2.4285714285714284,0.0,1.618347187425374,3.280959
495988,2013-01-14,10,940590,3.0,0.0,2,3,1,15,4,3016,0,94.27,1000,-1,-1,-1,14,0,3,1,1,2013,0,0,1.0,2.0,0.0,0.0,1.7142857142857142,0.0,0.7559289460184544,1.779999
497355,2013-01-14,12,732006,1.0,0.0,1,1,1,15,6,2642,1,94.27,1147,-1,-1,-1,14,0,3,1,1,2013,0,0,2.0,1.0,0.0,0.0,1.5714285714285714,0.0,0.7867957924694432,1.962138
492092,2013-01-14,6,850334,4.0,0.0,2,3,2,13,9,1084,0,94.27,1545,-1,-1,-1,14,0,3,1,1,2013,0,0,4.0,4.0,0.0,0.0,3.5714285714285716,0.0,1.5118578920369088,2.9319081
499116,2013-01-14,15,368419,4.0,0.0,0,2,1,15,6,2644,1,94.27,1368,-1,-1,-1,14,0,3,1,1,2013,0,0,2.0,1.0,0.0,0.0,2.5714285714285716,0.0,1.511857892036909,2.3045177
495018,2013-01-14,9,584103,18.47,0.0,2,3,0,6,14,2302,1,94.27,2009,-1,-1,-1,14,0,3,1,1,2013,0,0,20.889,9.172,0.0,0.0,12.924142857142858,0.0,5.217613804175605,12.664739
488260,2013-01-14,3,155625,4.0,0.0,2,3,2,8,9,1092,0,94.27,2785,-1,-1,-1,14,0,3,1,1,2013,0,0,8.0,6.0,0.0,0.0,4.714285714285714,0.0,1.9760470401187076,7.874759
499117,2013-01-14,15,368624,1.0,0.0,0,2,1,15,2,1122,0,94.27,1368,-1,-1,-1,14,0,3,1,1,2013,0,0,2.0,1.0,0.0,0.0,2.7142857142857144,0.0,1.3801311186847083,3.4489946
489876,2013-01-14,4,638327,1.0,0.0,2,3,2,9,9,1084,0,94.27,1321,-1,-1,-1,14,0,3,1,1,2013,0,0,1.0,0.0,0.0,0.0,0.0,0.0,0.0,1.669903
488259,2013-01-14,3,155621,3.0,0.0,2,3,2,8,9,1062,0,94.27,2785,-1,-1,-1,14,0,3,1,1,2013,0,0,4.0,7.0,0.0,0.0,4.0,0.0,1.9148542155126762,3.756819
492093,2013-01-14,6,850460,8.0,0.0,2,3,2,13,9,1008,0,94.27,1545,-1,-1,-1,14,0,3,1,1,2013,0,0,16.0,14.0,0.0,0.0,10.428571428571429,0.0,4.995235825502229,9.189038
488264,2013-01-14,3,158842,4.0,0.0,2,3,2,8,5,2124,1,94.27,2785,-1,-1,-1,14,0,3,1,1,2013,0,0,8.0,2.0,0.0,0.0,7.857142857142857,0.0,4.8795003647426665,9.857151
488251,2013-01-14,3,153239,10.0,0.0,2,3,2,8,3,2712,1,94.27,2785,-1,-1,-1,14,0,3,1,1,2013,0,0,13.0,10.0,0.0,0.0,10.285714285714286,0.0,4.889249625940765,8.804494
495013,2013-01-14,9,581742,7.0,0.0,2,3,0,6,9,1072,0,94.27,2009,-1,-1,-1,14,0,3,1,1,2013,0,0,13.0,9.0,0.0,0.0,6.428571428571429,0.0,3.5523298860110972,6.581833
495992,2013-01-14,10,949053,1.0,0.0,2,3,1,15,9,1062,0,94.27,1000,-1,-1,-1,14,0,3,1,1,2013,0,0,5.0,4.0,0.0,0.0,4.285714285714286,0.0,1.4960264830861913,2.922963
491167,2013-01-14,5,956012,4.0,0.0,4,4,2,4,9,1088,0,94.27,1457,-1,-1,-1,14,0,3,1,1,2013,0,0,8.0,3.0,0.0,0.0,4.857142857142857,0.0,3.338091841585121,5.137487
492102,2013-01-14,6,859966,2.0,0.0,2,3,2,13,5,2116,1,94.27,1545,-1,-1,-1,14,0,3,1,1,2013,0,0,8.0,5.0,0.0,0.0,6.428571428571429,0.0,2.8784916685156974,8.07756
488244,2013-01-14,3,123927,3.0,0.0,2,3,2,8,9,1026,0,94.27,2785,-1,-1,-1,14,0,3,1,1,2013,0,0,1.0,4.0,0.0,0.0,2.2857142857142856,0.0,1.3801311186847085,3.0118716
499134,2013-01-14,15,409738,4.0,0.0,0,2,1,15,3,2708,1,94.27,1368,-1,-1,-1,14,0,3,1,1,2013,0,0,2.0,2.0,0.0,0.0,2.5714285714285716,0.0,1.3972762620115442,2.7916653
489882,2013-01-14,4,651523,1.0,0.0,2,3,2,9,9,1004,0,94.27,1321,-1,-1,-1,14,0,3,1,1,2013,0,0,4.0,15.0,0.0,0.0,6.142857142857143,0.0,4.059087394500207,5.1369886
497350,2013-01-14,12,723184,3.0,0.0,1,1,1,15,5,2116,1,94.27,1147,-1,-1,-1,14,0,3,1,1,2013,0,0,5.0,3.0,0.0,0.0,4.571428571428571,0.0,1.511857892036909,3.2910151
499135,2013-01-14,15,409904,10.0,0.0,0,2,1,15,9,1034,0,94.27,1368,-1,-1,-1,14,0,3,1,1,2013,0,0,15.0,10.0,0.0,0.0,12.857142857142858,0.0,3.23669437485075,10.112237
488243,2013-01-14,3,123602,2.0,0.0,2,3,2,8,9,1072,0,94.27,2785,-1,-1,-1,14,0,3,1,1,2013,0,0,4.0,5.0,0.0,0.0,3.7142857142857144,0.0,1.6035674514745442,3.8935654
499136,2013-01-14,15,410257,3.0,0.0,0,2,1,15,9,1072,0,94.27,1368,-1,-1,-1,14,0,3,1,1,2013,0,0,6.0,3.0,0.0,0.0,3.7142857142857144,0.0,2.9277002188455996,3.8455315
495008,2013-01-14,9,577743,1.0,0.0,2,3,0,6,9,1032,0,94.27,2009,-1,-1,-1,14,0,3,1,1,2013,0,0,5.0,1.0,0.0,0.0,3.142857142857143,0.0,1.7728105208558365,2.8435752
488242,2013-01-14,3,123601,5.0,0.0,2,3,2,8,9,1072,0,94.27,2785,-1,-1,-1,14,0,3,1,1,2013,0,0,10.0,4.0,0.0,0.0,7.571428571428571,0.0,2.507132682112036,7.3411036
492103,2013-01-14,6,860548,6.0,0.0,2,3,2,13,5,2142,1,94.27,1545,-1,-1,-1,14,0,3,1,1,2013,0,0,12.0,5.0,0.0,0.0,4.571428571428571,0.0,3.598941643369749,5.5467134
495007,2013-01-14,9,577741,3.0,0.0,2,3,0,6,9,1032,0,94.27,2009,-1,-1,-1,14,0,3,1,1,2013,0,0,10.0,7.0,0.0,0.0,13.285714285714286,0.0,7.653197277702213,10.096381
499137,2013-01-14,15,410866,3.0,0.0,0,2,1,15,17,2980,1,94.27,1368,-1,-1,-1,14,0,3,1,1,2013,0,0,1.0,1.0,0.0,0.0,2.0,0.0,1.7320508075688774,3.649607
489883,2013-01-14,4,655427,4.0,0.0,2,3,2,9,4,3020,0,94.27,1321,-1,-1,-1,14,0,3,1,1,2013,0,0,5.0,7.0,0.0,0.0,3.7142857142857144,0.0,1.8898223650461357,3.1673732
488241,2013-01-14,3,123347,4.0,0.0,2,3,2,8,5,2114,1,94.27,2785,-1,-1,-1,14,0,3,1,1,2013,0,0,8.0,8.0,0.0,0.0,7.714285714285714,0.0,1.4960264830861913,9.559027
497349,2013-01-14,12,716250,14.0,0.0,1,1,1,15,2,1120,0,94.27,1147,-1,-1,-1,14,0,3,1,1,2013,0,0,2.0,6.0,0.0,0.0,3.4285714285714284,0.0,1.511857892036909,3.1193306
492104,2013-01-14,6,860549,4.0,0.0,2,3,2,13,5,2142,1,94.27,1545,-1,-1,-1,14,0,3,1,1,2013,0,0,9.0,1.0,0.0,0.0,3.857142857142857,0.0,2.6726124191242437,4.755577
495006,2013-01-14,9,577740,3.0,0.0,2,3,0,6,9,1032,0,94.27,2009,-1,-1,-1,14,0,3,1,1,2013,0,0,4.0,1.0,0.0,0.0,4.428571428571429,0.0,2.9920529661723836,3.3558354
488240,2013-01-14,3,122425,2.0,0.0,2,3,2,8,4,3020,0,94.27,2785,-1,-1,-1,14,0,3,1,1,2013,0,0,5.0,5.0,0.0,0.0,3.857142857142857,0.0,2.0354009783964293,4.2081833
497348,2013-01-14,12,716245,2.0,0.0,1,1,1,15,4,3020,0,94.27,1147,-1,-1,-1,14,0,3,1,1,2013,0,0,1.0,1.0,0.0,0.0,1.1428571428571428,0.0,0.37796447300922753,1.8192016
499138,2013-01-14,15,413987,10.0,0.0,0,2,1,15,4,3034,0,94.27,1368,-1,-1,-1,14,0,3,1,1,2013,0,0,5.0,8.0,0.0,0.0,5.857142857142857,0.0,1.2149857925878922,4.7269206
488239,2013-01-14,3,122419,4.0,0.0,2,3,2,8,9,1004,0,94.27,2785,-1,-1,-1,14,0,3,1,1,2013,0,0,1.0,1.0,0.0,0.0,1.4285714285714286,0.0,0.7867957924694431,2.7613106
499139,2013-01-14,15,414305,7.0,0.0,0,2,1,15,2,1124,0,94.27,1368,-1,-1,-1,14,0,3,1,1,2013,0,0,5.0,5.0,0.0,0.0,5.285714285714286,0.0,2.690370836538197,4.791768
488245,2013-01-14,3,125430,8.0,0.0,2,3,2,8,9,1016,0,94.27,2785,-1,-1,-1,14,0,3,1,1,2013,0,0,13.0,13.0,0.0,0.0,13.428571428571429,0.0,2.6367367999823115,14.684806
499126,2013-01-14,15,401911,7.0,0.0,0,2,1,15,4,3012,0,94.27,1368,-1,-1,-1,14,0,3,1,1,2013,0,0,2.0,5.0,0.0,0.0,3.4285714285714284,0.0,1.618347187425374,2.8064134
489881,2013-01-14,4,651326,2.0,0.0,2,3,2,9,9,1036,0,94.27,1321,-1,-1,-1,14,0,3,1,1,2013,0,0,2.0,5.0,0.0,0.0,3.5714285714285716,0.0,2.0701966780270626,2.6270185
492101,2013-01-14,6,859932,4.0,0.0,2,3,2,13,4,3022,0,94.27,1545,-1,-1,-1,14,0,3,1,1,2013,0,0,2.0,4.0,0.0,0.0,2.0,0.0,1.0,2.4478083
489879,2013-01-14,4,645294,1.0,0.0,2,3,2,9,9,1074,0,94.27,1321,-1,-1,-1,14,0,3,1,1,2013,0,0,2.0,1.0,0.0,0.0,2.142857142857143,0.0,0.6900655593423541,2.1657848
488250,2013-01-14,3,153078,15.0,0.0,2,3,2,8,4,3008,0,94.27,2785,-1,-1,-1,14,0,3,1,1,2013,0,0,8.0,14.0,0.0,0.0,10.571428571428571,0.0,4.429339411136565,11.66956
497352,2013-01-14,12,724498,3.0,0.0,1,1,1,15,9,1028,0,94.27,1147,-1,-1,-1,14,0,3,1,1,2013,0,0,4.0,2.0,0.0,0.0,4.0,0.0,2.5166114784235827,2.6809843
492097,2013-01-14,6,852938,6.0,0.0,2,3,2,13,8,2228,0,94.27,1545,-1,-1,-1,14,0,3,1,1,2013,0,0,6.0,1.0,0.0,0.0,2.5714285714285716,0.0,1.902379462422685,3.836158
499127,2013-01-14,15,404332,3.0,0.0,0,2,1,15,9,1044,0,94.27,1368,-1,-1,-1,14,0,3,1,1,2013,0,0,3.0,2.0,0.0,0.0,3.4285714285714284,0.0,2.2253945610567474,2.9066389
488249,2013-01-14,3,129758,9.0,0.0,2,3,2,8,9,1032,0,94.27,2785,-1,-1,-1,14,0,3,1,1,2013,0,0,19.0,12.0,0.0,0.0,14.571428571428571,0.0,4.649628761422531,14.428356
499128,2013-01-14,15,404334,3.0,0.0,0,2,1,15,9,1044,0,94.27,1368,-1,-1,-1,14,0,3,1,1,2013,0,0,3.0,8.0,0.0,0.0,4.714285714285714,0.0,3.147183169877773,3.8786957
495012,2013-01-14,9,581078,12.0,0.0,2,3,0,6,4,3038,0,94.27,2009,-1,-1,-1,14,0,3,1,1,2013,0,0,23.0,2.0,0.0,0.0,8.571428571428571,0.0,7.091242083423348,11.83798
499129,2013-01-14,15,404439,1.0,0.0,0,2,1,15,9,1034,0,94.27,1368,-1,-1,-1,14,0,3,1,1,2013,0,0,3.0,4.0,0.0,0.0,3.857142857142857,0.0,2.609506430251477,2.8114576
488248,2013-01-14,3,129635,24.0,0.0,2,3,2,8,5,2112,1,94.27,2785,-1,-1,-1,14,0,3,1,1,2013,0,0,41.0,13.0,0.0,0.0,30.0,0.0,9.591663046625445,40.121212
492098,2013-01-14,6,853195,5.0,0.0,2,3,2,13,4,3014,0,94.27,1545,-1,-1,-1,14,0,3,1,1,2013,0,0,18.0,3.0,0.0,0.0,6.857142857142857,0.0,5.398412465054624,7.567666
489880,2013-01-14,4,648313,2.0,0.0,2,3,2,9,4,3020,0,94.27,1321,-1,-1,-1,14,0,3,1,1,2013,0,0,5.0,3.0,0.0,0.0,2.7142857142857144,0.0,1.112697280528373,3.0191398
492099,2013-01-14,6,856687,12.0,0.0,2,3,2,13,9,1030,0,94.27,1545,-1,-1,-1,14,0,3,1,1,2013,0,0,0.0,0.0,0.0,0.0,0.0,0.0,0.0,3.0999875
488247,2013-01-14,3,129297,4.0,0.0,2,3,2,8,9,1032,0,94.27,2785,-1,-1,-1,14,0,3,1,1,2013,0,0,15.0,6.0,0.0,0.0,8.428571428571429,0.0,4.649628761422531,8.607566
499130,2013-01-14,15,405304,3.0,0.0,0,2,1,15,9,1032,0,94.27,1368,-1,-1,-1,14,0,3,1,1,2013,0,0,3.0,4.0,0.0,0.0,3.0,0.0,1.8257418583505542,2.4879327
495011,2013-01-14,9,580929,4.0,0.0,2,3,0,6,9,1004,0,94.27,2009,-1,-1,-1,14,0,3,1,1,2013,0,0,2.0,4.0,0.0,0.0,2.5714285714285716,0.0,1.7182493859684491,2.4473455
497351,2013-01-14,12,724360,2.0,0.0,1,1,1,15,3,2722,1,94.27,1147,-1,-1,-1,14,0,3,1,1,2013,0,0,3.0,8.0,0.0,0.0,6.428571428571429,0.0,3.309438162646488,5.1672926
491168,2013-01-14,5,956013,3.0,0.0,4,4,2,4,9,1088,0,94.27,1457,-1,-1,-1,14,0,3,1,1,2013,0,0,14.0,14.0,0.0,0.0,10.428571428571429,0.0,7.764387566686395,9.061184
495010,2013-01-14,9,578467,3.0,0.0,2,3,0,6,9,1062,0,94.27,2009,-1,-1,-1,14,0,3,1,1,2013,0,0,4.0,5.0,0.0,0.0,3.4285714285714284,0.0,1.1338934190276817,2.6560547
488246,2013-01-14,3,129296,6.0,0.0,2,3,2,8,9,1032,0,94.27,2785,-1,-1,-1,14,0,3,1,1,2013,0,0,4.0,11.0,0.0,0.0,5.285714285714286,0.0,3.3523268393901042,5.196753
492100,2013-01-14,6,858872,3.0,0.0,2,3,2,13,3,2704,1,94.27,1545,-1,-1,-1,14,0,3,1,1,2013,0,0,5.0,6.0,0.0,0.0,3.142857142857143,0.0,2.410295378065479,3.7309022
499131,2013-01-14,15,407500,9.0,0.0,0,2,1,15,7,2502,1,94.27,1368,-1,-1,-1,14,0,3,1,1,2013,0,0,4.0,7.0,0.0,0.0,5.428571428571429,0.0,1.5118578920369088,4.031098
495991,2013-01-14,10,946671,4.0,0.0,2,3,1,15,6,2636,1,94.27,1000,-1,-1,-1,14,0,3,1,1,2013,0,0,4.0,5.0,0.0,0.0,4.142857142857143,0.0,1.5735915849388855,3.0046155
499132,2013-01-14,15,407542,7.0,0.0,0,2,1,15,6,2644,1,94.27,1368,-1,-1,-1,14,0,3,1,1,2013,0,0,9.0,5.0,0.0,0.0,4.285714285714286,0.0,2.2886885410853175,4.4252176
495009,2013-01-14,9,578097,2.0,0.0,2,3,0,6,5,2102,1,94.27,2009,-1,-1,-1,14,0,3,1,1,2013,0,0,16.0,5.0,0.0,0.0,9.142857142857142,0.0,5.520524474738833,8.210155
499133,2013-01-14,15,407552,1.0,0.0,0,2,1,15,6,2652,1,94.27,1368,-1,-1,-1,14,0,3,1,1,2013,0,0,3.0,5.0,0.0,0.0,3.857142857142857,0.0,1.9518001458970662,2.9561388
489873,2013-01-14,4,637016,5.0,0.0,2,3,2,9,9,1078,0,94.27,1321,-1,-1,-1,14,0,3,1,1,2013,0,0,6.0,3.0,0.0,0.0,5.428571428571429,0.0,1.8126539343499313,4.2315817
492089,2013-01-14,6,849312,3.0,0.0,2,3,2,13,5,2130,1,94.27,1545,-1,-1,-1,14,0,3,1,1,2013,0,0,2.0,5.0,0.0,0.0,2.857142857142857,0.0,1.214985792587912,2.8588567
499110,2013-01-14,15,365139,1.0,0.0,0,2,1,15,9,1072,0,94.27,1368,-1,-1,-1,14,0,3,1,1,2013,0,0,2.0,4.0,0.0,0.0,2.2857142857142856,0.0,0.9511897312113418,2.686645
499089,2013-01-14,15,355091,3.0,0.0,0,2,1,15,9,1038,0,94.27,1368,-1,-1,-1,14,0,3,1,1,2013,0,0,4.0,3.0,0.0,0.0,2.7142857142857144,0.0,1.3801311186847083,2.6253562
488284,2013-01-14,3,168927,53.0,0.0,2,3,2,8,4,3026,0,94.27,2785,-1,-1,-1,14,0,3,1,1,2013,0,0,52.0,102.0,0.0,0.0,63.285714285714285,0.0,21.807600247882142,54.199978
489867,2013-01-14,4,633996,5.756,0.0,2,3,2,9,14,2306,1,94.27,1321,-1,-1,-1,14,0,3,1,1,2013,0,0,7.166,5.097,0.0,0.0,5.04,0.0,1.7031207629916718,4.3013096
492078,2013-01-14,6,846565,5.0,0.0,2,3,2,13,4,3014,0,94.27,1545,-1,-1,-1,14,0,3,1,1,2013,0,0,4.0,6.0,0.0,0.0,3.857142857142857,0.0,1.345185418269099,3.2234042
499090,2013-01-14,15,357961,11.0,0.0,0,2,1,15,7,2502,1,94.27,1368,-1,-1,-1,14,0,3,1,1,2013,0,0,4.0,8.0,0.0,0.0,7.285714285714286,0.0,3.903600291794134,5.8593383
495984,2013-01-14,10,939207,3.0,0.0,2,3,1,15,5,2130,1,94.27,1000,-1,-1,-1,14,0,3,1,1,2013,0,0,10.0,5.0,0.0,0.0,4.714285714285714,0.0,2.7516228977511745,4.838783
495032,2013-01-14,9,598414,9.0,0.0,2,3,0,6,9,1032,0,94.27,2009,-1,-1,-1,14,0,3,1,1,2013,0,0,13.0,2.0,0.0,0.0,8.428571428571429,0.0,3.9520940802374165,6.576557
488283,2013-01-14,3,167437,27.0,0.0,2,3,2,8,10,1236,0,94.27,2785,-1,-1,-1,14,0,3,1,1,2013,0,0,15.0,19.0,0.0,0.0,12.0,0.0,5.802298395176408,11.356237
492079,2013-01-14,6,847569,1.0,0.0,2,3,2,13,9,1062,0,94.27,1545,-1,-1,-1,14,0,3,1,1,2013,0,0,1.0,3.0,0.0,0.0,1.7142857142857142,0.0,0.9511897312113418,1.9359561
499091,2013-01-14,15,357962,2.0,0.0,0,2,1,15,7,2502,1,94.27,1368,-1,-1,-1,14,0,3,1,1,2013,0,0,8.0,7.0,0.0,0.0,5.285714285714286,0.0,3.0394235042348474,4.8715954
488282,2013-01-14,3,165988,12.0,0.0,2,3,2,8,9,1072,0,94.27,2785,-1,-1,-1,14,0,3,1,1,2013,0,0,18.0,5.0,0.0,0.0,9.285714285714286,0.0,4.6084807950229365,10.110501
499092,2013-01-14,15,357996,3.0,0.0,0,2,1,15,6,2632,1,94.27,1368,-1,-1,-1,14,0,3,1,1,2013,0,0,1.0,2.0,0.0,0.0,2.142857142857143,0.0,1.864454471471609,2.1526887
495031,2013-01-14,9,594045,3.0,0.0,2,3,0,6,3,2718,1,94.27,2009,-1,-1,-1,14,0,3,1,1,2013,0,0,1.0,2.0,0.0,0.0,2.4285714285714284,0.0,2.5071326821120348,3.1383636
489868,2013-01-14,4,634008,1.456,0.0,2,3,2,9,14,2306,1,94.27,1321,-1,-1,-1,14,0,3,1,1,2013,0,0,3.146,12.439,0.0,0.0,7.072,0.0,6.3738527856653,5.3543406
497363,2013-01-14,12,751759,1.0,0.0,1,1,1,15,4,3014,0,94.27,1147,-1,-1,-1,14,0,3,1,1,2013,0,0,2.0,4.0,0.0,0.0,2.0,0.0,1.1547005383792515,1.9675143
488281,2013-01-14,3,165727,1.0,0.0,2,3,2,8,9,1032,0,94.27,2785,-1,-1,-1,14,0,3,1,1,2013,0,0,1.0,0.0,0.0,0.0,0.0,0.0,0.0,2.398377
499093,2013-01-14,15,358096,4.0,0.0,0,2,1,15,9,1002,0,94.27,1368,-1,-1,-1,14,0,3,1,1,2013,0,0,4.0,5.0,0.0,0.0,2.5714285714285716,0.0,1.3972762620115442,2.4028256
492080,2013-01-14,6,847859,31.0,0.0,2,3,2,13,2,1122,0,94.27,1545,-1,-1,-1,14,0,3,1,1,2013,0,0,27.0,22.0,0.0,0.0,14.142857142857142,0.0,7.3807987695228805,15.175668
488280,2013-01-14,3,165718,1.0,0.0,2,3,2,8,3,2718,1,94.27,2785,-1,-1,-1,14,0,3,1,1,2013,0,0,6.0,9.0,0.0,0.0,4.857142857142857,0.0,3.532165125838609,5.181789
499094,2013-01-14,15,358100,1.0,0.0,0,2,1,15,9,1010,0,94.27,1368,-1,-1,-1,14,0,3,1,1,2013,0,0,3.0,2.0,0.0,0.0,2.2857142857142856,0.0,1.3801311186847083,2.485826
497362,2013-01-14,12,750857,9.0,0.0,1,1,1,15,9,1062,0,94.27,1147,-1,-1,-1,14,0,3,1,1,2013,0,0,1.0,1.0,0.0,0.0,1.7142857142857142,0.0,1.4960264830861913,1.6345401
499095,2013-01-14,15,358134,2.0,0.0,0,2,1,15,5,2124,1,94.27,1368,-1,-1,-1,14,0,3,1,1,2013,0,0,2.0,3.0,0.0,0.0,2.0,0.0,1.1547005383792515,2.532929
495030,2013-01-14,9,592942,1.0,0.0,2,3,0,6,9,1030,0,94.27,2009,-1,-1,-1,14,0,3,1,1,2013,0,0,6.0,1.0,0.0,0.0,1.8571428571428572,0.0,1.864454471471609,2.9504316
488279,2013-01-14,3,165705,2.0,0.0,2,3,2,8,9,1016,0,94.27,2785,-1,-1,-1,14,0,3,1,1,2013,0,0,7.0,2.0,0.0,0.0,6.857142857142857,0.0,3.8483144114694956,8.988966
492081,2013-01-14,6,847863,5.0,0.0,2,3,2,13,9,1058,0,94.27,1545,-1,-1,-1,14,0,3,1,1,2013,0,0,7.0,5.0,0.0,0.0,3.857142857142857,0.0,2.267786838055362,4.0083523
497364,2013-01-14,12,752167,2.0,0.0,1,1,1,15,9,1030,0,94.27,1147,-1,-1,-1,14,0,3,1,1,2013,0,0,2.0,1.0,0.0,0.0,1.8571428571428572,0.0,0.8997354108424372,1.6972365
489869,2013-01-14,4,634009,1.437,0.0,2,3,2,9,14,2306,1,94.27,1321,-1,-1,-1,14,0,3,1,1,2013,0,0,7.771,3.502,0.0,0.0,3.782428571428571,0.0,2.120925179973969,3.8044693
491174,2013-01-14,5,964753,7.0,0.0,4,4,2,4,9,1088,0,94.27,1457,-1,-1,-1,14,0,3,1,1,2013,0,0,8.0,4.0,0.0,0.0,6.0,0.0,2.081665999466133,5.590666
499088,2013-01-14,15,355090,26.0,0.0,0,2,1,15,9,1024,0,94.27,1368,-1,-1,-1,14,0,3,1,1,2013,0,0,4.0,2.0,0.0,0.0,5.571428571428571,0.0,8.638231741453085,4.321177
499082,2013-01-14,15,329071,6.0,0.0,0,2,1,15,9,1032,0,94.27,1368,-1,-1,-1,14,0,3,1,1,2013,0,0,1.0,3.0,0.0,0.0,2.5714285714285716,0.0,1.1338934190276828,2.149726
497367,2013-01-14,12,759651,5.0,0.0,1,1,1,15,15,4126,0,94.27,1147,-1,-1,-1,14,0,3,1,1,2013,0,0,9.0,2.0,0.0,0.0,4.142857142857143,0.0,2.672612419124242,5.293259
492074,2013-01-14,6,843610,2.0,0.0,2,3,2,13,9,1042,0,94.27,1545,-1,-1,-1,14,0,3,1,1,2013,0,0,5.0,2.0,0.0,0.0,3.142857142857143,0.0,1.9518001458970662,3.3393188
499083,2013-01-14,15,329364,2.0,0.0,0,2,1,15,9,1032,0,94.27,1368,-1,-1,-1,14,0,3,1,1,2013,0,0,4.0,6.0,0.0,0.0,3.857142857142857,0.0,2.1157009420498154,2.911722
491175,2013-01-14,5,968432,2.0,0.0,4,4,2,4,2,1122,0,94.27,1457,-1,-1,-1,14,0,3,1,1,2013,0,0,7.0,5.0,0.0,0.0,6.714285714285714,0.0,2.4976179127511156,5.3768864
488290,2013-01-14,3,172343,5.0,0.0,2,3,2,8,9,1004,0,94.27,2785,-1,-1,-1,14,0,3,1,1,2013,0,0,19.0,3.0,0.0,0.0,7.857142857142857,0.0,6.229729031789731,8.87074
489865,2013-01-14,4,619969,4.0,0.0,2,3,2,9,9,1014,0,94.27,1321,-1,-1,-1,14,0,3,1,1,2013,0,0,12.0,8.0,0.0,0.0,6.571428571428571,0.0,3.505098327538657,9.193226
495035,2013-01-14,9,619965,5.0,0.0,2,3,0,6,6,2636,1,94.27,2009,-1,-1,-1,14,0,3,1,1,2013,0,0,6.0,7.0,0.0,0.0,4.714285714285714,0.0,1.799470821684875,3.881798
495983,2013-01-14,10,939131,3.0,0.0,2,3,1,15,5,2104,1,94.27,1000,-1,-1,-1,14,0,3,1,1,2013,0,0,3.0,1.0,0.0,0.0,2.5714285714285716,0.0,1.2724180205607039,2.639441
492075,2013-01-14,6,844017,7.0,0.0,2,3,2,13,6,2632,1,94.27,1545,-1,-1,-1,14,0,3,1,1,2013,0,0,11.0,9.0,0.0,0.0,5.571428571428571,0.0,3.2586880211286906,5.916584
499084,2013-01-14,15,352513,10.0,0.0,0,2,1,15,4,3012,0,94.27,1368,-1,-1,-1,14,0,3,1,1,2013,0,0,7.0,7.0,0.0,0.0,4.571428571428571,0.0,1.902379462422683,4.1799684
488289,2013-01-14,3,170791,77.0,0.0,2,3,2,8,9,1080,0,94.27,2785,-1,-1,-1,14,0,3,1,1,2013,0,0,5.0,37.0,0.0,0.0,12.714285714285714,0.0,11.176079898817918,18.85955
497366,2013-01-14,12,757889,6.0,0.0,1,1,1,15,4,3032,0,94.27,1147,-1,-1,-1,14,0,3,1,1,2013,0,0,8.0,4.0,0.0,0.0,7.714285714285714,0.0,7.111359122659224,12.478484
495034,2013-01-14,9,617113,4.0,0.0,2,3,0,6,7,2502,1,94.27,2009,-1,-1,-1,14,0,3,1,1,2013,0,0,10.0,6.0,0.0,0.0,5.0,0.0,2.8284271247461894,5.2440147
492076,2013-01-14,6,844019,3.333,0.0,2,3,2,13,6,2662,1,94.27,1545,-1,-1,-1,14,0,3,1,1,2013,0,0,5.503,2.707,0.0,0.0,2.762,0.0,1.4711673369584213,3.563794
489866,2013-01-14,4,633735,27.525,0.0,2,3,2,9,14,2306,1,94.27,1321,-1,-1,-1,14,0,3,1,1,2013,0,0,9.094,0.0,0.0,0.0,0.0,0.0,0.0,5.261245
499085,2013-01-14,15,354918,1.0,0.0,0,2,1,15,9,1034,0,94.27,1368,-1,-1,-1,14,0,3,1,1,2013,0,0,1.0,2.0,0.0,0.0,1.8571428571428572,0.0,0.8997354108424375,1.9207652
488288,2013-01-14,3,169104,1.0,0.0,2,3,2,8,4,3044,0,94.27,2785,-1,-1,-1,14,0,3,1,1,2013,0,0,3.0,0.0,0.0,0.0,0.0,0.0,0.0,3.3039656
488287,2013-01-14,3,169101,1.0,0.0,2,3,2,8,4,3044,0,94.27,2785,-1,-1,-1,14,0,3,1,1,2013,0,0,3.0,0.0,0.0,0.0,0.0,0.0,0.0,3.3039656
495033,2013-01-14,9,608035,7.0,0.0,2,3,0,6,4,3044,0,94.27,2009,-1,-1,-1,14,0,3,1,1,2013,0,0,22.0,14.0,0.0,0.0,11.714285714285714,0.0,6.129553700835696,12.903551
488286,2013-01-14,3,169028,1.0,0.0,2,3,2,8,9,1040,0,94.27,2785,-1,-1,-1,14,0,3,1,1,2013,0,0,2.0,7.0,0.0,0.0,2.4285714285714284,0.0,2.1491969707422394,2.8881783
499086,2013-01-14,15,354919,7.0,0.0,0,2,1,15,9,1034,0,94.27,1368,-1,-1,-1,14,0,3,1,1,2013,0,0,11.0,23.0,0.0,0.0,14.714285714285714,0.0,5.186980037050644,12.745238
499087,2013-01-14,15,354971,11.0,0.0,0,2,1,15,9,1044,0,94.27,1368,-1,-1,-1,14,0,3,1,1,2013,0,0,1.0,4.0,0.0,0.0,4.285714285714286,0.0,3.5456210417116742,3.4956822
497365,2013-01-14,12,757888,2.0,0.0,1,1,1,15,4,3032,0,94.27,1147,-1,-1,-1,14,0,3,1,1,2013,0,0,3.0,31.0,0.0,0.0,14.571428571428571,0.0,11.02810263005598,15.841443
492077,2013-01-14,6,846163,1.0,0.0,2,3,2,13,11,6920,0,94.27,1545,-1,-1,-1,14,0,3,1,1,2013,0,0,2.0,7.0,0.0,0.0,3.7142857142857144,0.0,2.2886885410853175,2.8797016
488285,2013-01-14,3,168930,45.0,0.0,2,3,2,8,4,3026,0,94.27,2785,-1,-1,-1,14,0,3,1,1,2013,0,0,37.0,69.0,0.0,0.0,52.857142857142854,0.0,16.516946564347894,42.94953
499096,2013-01-14,15,358231,9.0,0.0,0,2,1,15,4,3038,0,94.27,1368,-1,-1,-1,14,0,3,1,1,2013,0,0,4.0,2.0,0.0,0.0,7.571428571428571,0.0,3.309438162646486,5.8036666
488278,2013-01-14,3,165704,15.0,0.0,2,3,2,8,9,1016,0,94.27,2785,-1,-1,-1,14,0,3,1,1,2013,0,0,27.0,13.0,0.0,0.0,17.0,0.0,6.582805886043826,16.075548
495029,2013-01-14,9,592801,1.0,0.0,2,3,0,6,5,2114,1,94.27,2009,-1,-1,-1,14,0,3,1,1,2013,0,0,2.0,2.0,0.0,0.0,2.142857142857143,0.0,1.0690449676496976,2.2250388
497359,2013-01-14,12,740714,1.0,0.0,1,1,1,15,4,3032,0,94.27,1147,-1,-1,-1,14,0,3,1,1,2013,0,0,6.0,5.0,0.0,0.0,4.142857142857143,0.0,1.8644544714716018,4.0665708
488270,2013-01-14,3,164036,1.0,0.0,2,3,2,8,9,1048,0,94.27,2785,-1,-1,-1,14,0,3,1,1,2013,0,0,10.0,14.0,0.0,0.0,9.714285714285714,0.0,5.37631490007439,8.558347
495024,2013-01-14,9,586969,5.0,0.0,2,3,0,6,9,1004,0,94.27,2009,-1,-1,-1,14,0,3,1,1,2013,0,0,2.0,8.0,0.0,0.0,4.857142857142857,0.0,2.73426232761059,3.8132966
495023,2013-01-14,9,586911,7.0,0.0,2,3,0,6,15,4114,0,94.27,2009,-1,-1,-1,14,0,3,1,1,2013,0,0,7.0,11.0,0.0,0.0,5.285714285714286,0.0,3.093772546815388,4.8415637
499105,2013-01-14,15,364606,29.0,0.0,0,2,1,15,9,1014,0,94.27,1368,-1,-1,-1,14,0,3,1,1,2013,0,0,22.0,37.0,0.0,0.0,31.142857142857142,0.0,6.914443130833,27.85704
495986,2013-01-14,10,939662,11.0,0.0,2,3,1,15,9,1045,0,94.27,1000,-1,-1,-1,14,0,3,1,1,2013,0,0,12.0,11.0,0.0,0.0,11.0,0.0,5.066228051190221,8.2510805
488269,2013-01-14,3,162066,2.0,0.0,2,3,2,8,9,1048,0,94.27,2785,-1,-1,-1,14,0,3,1,1,2013,0,0,4.0,5.0,0.0,0.0,6.428571428571429,0.0,2.760262237369416,5.6161437
491172,2013-01-14,5,958514,1.0,0.0,4,4,2,4,1,4252,0,94.27,1457,-1,-1,-1,14,0,3,1,1,2013,0,0,6.0,5.0,0.0,0.0,3.142857142857143,0.0,1.9518001458970662,3.3431883
497358,2013-01-14,12,740713,1.0,0.0,1,1,1,15,4,3032,0,94.27,1147,-1,-1,-1,14,0,3,1,1,2013,0,0,2.0,2.0,0.0,0.0,4.571428571428571,0.0,5.223572942509207,4.1671357
499106,2013-01-14,15,364832,7.0,0.0,0,2,1,15,9,1040,0,94.27,1368,-1,-1,-1,14,0,3,1,1,2013,0,0,4.0,6.0,0.0,0.0,10.714285714285714,0.0,5.498917642417936,8.262796
488268,2013-01-14,3,159242,43.0,0.0,2,3,2,8,4,3026,0,94.27,2785,-1,-1,-1,14,0,3,1,1,2013,0,0,30.0,44.0,0.0,0.0,28.428571428571427,0.0,8.22308017831808,28.116339
492087,2013-01-14,6,849136,4.0,0.0,2,3,2,13,5,2124,1,94.27,1545,-1,-1,-1,14,0,3,1,1,2013,0,0,1.0,1.0,0.0,0.0,1.7142857142857142,0.0,1.1126972805283737,2.3820407
495022,2013-01-14,9,586824,15.0,0.0,2,3,0,6,4,3090,0,94.27,2009,-1,-1,-1,14,0,3,1,1,2013,0,0,8.0,8.0,0.0,0.0,7.285714285714286,0.0,3.8172540616821116,8.268338
489872,2013-01-14,4,634054,1.608,0.0,2,3,2,9,14,2306,1,94.27,1321,-1,-1,-1,14,0,3,1,1,2013,0,0,1.347,0.415,0.0,0.0,3.606142857142857,0.0,2.5360907205494727,2.8796377
488267,2013-01-14,3,159156,72.71,0.0,2,3,2,8,16,2416,1,94.27,2785,-1,-1,-1,14,0,3,1,1,2013,0,0,110.907,64.774,0.0,0.0,68.32928571428572,0.0,26.024284093350744,62.030876
499107,2013-01-14,15,364834,1.0,0.0,0,2,1,15,9,1040,0,94.27,1368,-1,-1,-1,14,0,3,1,1,2013,0,0,1.0,1.0,0.0,0.0,3.5714285714285716,0.0,3.7796447300922718,3.2276843
495021,2013-01-14,9,586823,6.0,0.0,2,3,0,6,4,3046,0,94.27,2009,-1,-1,-1,14,0,3,1,1,2013,0,0,10.0,8.0,0.0,0.0,4.857142857142857,0.0,3.0783421635988546,5.486603
499108,2013-01-14,15,364865,4.0,0.0,0,2,1,15,10,1236,0,94.27,1368,-1,-1,-1,14,0,3,1,1,2013,0,0,8.0,4.0,0.0,0.0,8.0,0.0,5.859465277082315,7.0251865
488266,2013-01-14,3,158956,7.0,0.0,2,3,2,8,4,3038,0,94.27,2785,-1,-1,-1,14,0,3,1,1,2013,0,0,7.0,11.0,0.0,0.0,10.571428571428571,0.0,2.8784916685156983,9.234323
499109,2013-01-14,15,365138,8.0,0.0,0,2,1,15,9,1072,0,94.27,1368,-1,-1,-1,14,0,3,1,1,2013,0,0,7.0,12.0,0.0,0.0,7.285714285714286,0.0,4.111540089159037,6.517163
492088,2013-01-14,6,849142,1.0,0.0,2,3,2,13,5,2130,1,94.27,1545,-1,-1,-1,14,0,3,1,1,2013,0,0,5.0,4.0,0.0,0.0,3.4285714285714284,0.0,2.2253945610567474,3.5142782
497357,2013-01-14,12,738219,1.0,0.0,1,1,1,15,4,3026,0,94.27,1147,-1,-1,-1,14,0,3,1,1,2013,0,0,1.0,3.0,0.0,0.0,2.5714285714285716,0.0,1.1338934190276821,2.3473406
488265,2013-01-14,3,158875,1.0,0.0,2,3,2,8,9,1026,0,94.27,2785,-1,-1,-1,14,0,3,1,1,2013,0,0,3.0,7.0,0.0,0.0,6.142857142857143,0.0,3.132015933791495,5.4054847
491171,2013-01-14,5,958015,9.0,0.0,4,4,2,4,5,2116,1,94.27,1457,-1,-1,-1,14,0,3,1,1,2013,0,0,9.0,10.0,0.0,0.0,7.857142857142857,0.0,1.9518001458970669,6.3618703
497356,2013-01-14,12,736128,3.0,0.0,1,1,1,15,3,2722,1,94.27,1147,-1,-1,-1,14,0,3,1,1,2013,0,0,13.0,12.0,0.0,0.0,8.714285714285714,0.0,3.9036002917941324,6.572425
499104,2013-01-14,15,364413,4.0,0.0,0,2,1,15,4,3032,0,94.27,1368,-1,-1,-1,14,0,3,1,1,2013,0,0,3.0,4.0,0.0,0.0,4.714285714285714,0.0,2.8115408417381946,4.201094
492086,2013-01-14,6,849098,2.0,0.0,2,3,2,13,5,2116,1,94.27,1545,-1,-1,-1,14,0,3,1,1,2013,0,0,1.0,6.0,0.0,0.0,2.142857142857143,0.0,1.8644544714716085,2.4983158
499103,2013-01-14,15,363889,4.0,0.0,0,2,1,15,9,1058,0,94.27,1368,-1,-1,-1,14,0,3,1,1,2013,0,0,7.0,2.0,0.0,0.0,4.142857142857143,0.0,1.864454471471609,3.9321578
488271,2013-01-14,3,164037,11.0,0.0,2,3,2,8,9,1048,0,94.27,2785,-1,-1,-1,14,0,3,1,1,2013,0,0,20.0,12.0,0.0,0.0,15.428571428571429,0.0,4.117326918327103,14.808136
499097,2013-01-14,15,358232,6.0,0.0,0,2,1,15,4,3038,0,94.27,1368,-1,-1,-1,14,0,3,1,1,2013,0,0,4.0,1.0,0.0,0.0,4.142857142857143,0.0,3.28778402720188,3.6335838
497361,2013-01-14,12,750856,4.0,0.0,1,1,1,15,9,1062,0,94.27,1147,-1,-1,-1,14,0,3,1,1,2013,0,0,2.0,1.0,0.0,0.0,2.0,0.0,1.1547005383792515,1.8322277
488277,2013-01-14,3,165594,17.0,0.0,2,3,2,8,9,1014,0,94.27,2785,-1,-1,-1,14,0,3,1,1,2013,0,0,22.0,27.0,0.0,0.0,21.0,0.0,3.9157800414902395,19.966017
495028,2013-01-14,9,589403,2.0,0.0,2,3,0,6,18,2850,1,94.27,2009,-1,-1,-1,14,0,3,1,1,2013,0,0,2.0,0.0,0.0,0.0,0.0,0.0,0.0,4.7129965
499098,2013-01-14,15,358272,2.0,0.0,0,2,1,15,5,2112,1,94.27,1368,-1,-1,-1,14,0,3,1,1,2013,0,0,2.0,3.0,0.0,0.0,2.7142857142857144,0.0,0.7559289460184544,2.7170444
492082,2013-01-14,6,847894,6.0,0.0,2,3,2,13,3,2708,1,94.27,1545,-1,-1,-1,14,0,3,1,1,2013,0,0,7.0,11.0,0.0,0.0,7.428571428571429,0.0,2.6992062325273105,6.528717
488276,2013-01-14,3,165553,9.0,0.0,2,3,2,8,2,1124,0,94.27,2785,-1,-1,-1,14,0,3,1,1,2013,0,0,17.0,13.0,0.0,0.0,9.571428571428571,0.0,5.0943479418254265,9.047731
491173,2013-01-14,5,964752,9.0,0.0,4,4,2,4,9,1088,0,94.27,1457,-1,-1,-1,14,0,3,1,1,2013,0,0,25.0,13.0,0.0,0.0,17.0,0.0,5.416025603090642,14.977094
499099,2013-01-14,15,358515,3.0,0.0,0,2,1,15,9,1024,0,94.27,1368,-1,-1,-1,14,0,3,1,1,2013,0,0,2.0,2.0,0.0,0.0,1.7142857142857142,0.0,0.4879500364742664,1.9981205
492083,2013-01-14,6,848765,2.0,0.0,2,3,2,13,9,1058,0,94.27,1545,-1,-1,-1,14,0,3,1,1,2013,0,0,11.0,9.0,0.0,0.0,5.285714285714286,0.0,3.5456210417116734,5.873784
495027,2013-01-14,9,587157,101.609,0.0,2,3,0,6,14,2302,1,94.27,2009,-1,-1,-1,14,0,3,1,1,2013,0,0,113.645,96.124,0.0,0.0,90.61971428571428,0.0,17.30030229711112,96.139885
488275,2013-01-14,3,165551,42.0,0.0,2,3,2,8,2,1124,0,94.27,2785,-1,-1,-1,14,0,3,1,1,2013,0,0,28.0,42.0,0.0,0.0,44.285714285714285,0.0,20.758245636487732,33.04597
495005,2013-01-14,9,575863,5.0,0.0,2,3,0,6,9,1032,0,94.27,2009,-1,-1,-1,14,0,3,1,1,2013,0,0,13.0,5.0,0.0,0.0,5.857142857142857,0.0,3.670993118515817,5.081581
495985,2013-01-14,10,939661,19.0,0.0,2,3,1,15,9,1045,0,94.27,1000,-1,-1,-1,14,0,3,1,1,2013,0,0,40.0,24.0,0.0,0.0,19.714285714285715,0.0,11.176079898817914,17.416506
492084,2013-01-14,6,848953,1.0,0.0,2,3,2,13,4,3016,0,94.27,1545,-1,-1,-1,14,0,3,1,1,2013,0,0,3.0,1.0,0.0,0.0,3.142857142857143,0.0,1.5735915849388864,2.779998
488274,2013-01-14,3,165550,25.0,0.0,2,3,2,8,2,1124,0,94.27,2785,-1,-1,-1,14,0,3,1,1,2013,0,0,55.0,22.0,0.0,0.0,20.428571428571427,0.0,17.076857076729535,21.139923
497360,2013-01-14,12,750855,1.0,0.0,1,1,1,15,9,1062,0,94.27,1147,-1,-1,-1,14,0,3,1,1,2013,0,0,4.0,4.0,0.0,0.0,2.857142857142857,0.0,1.2149857925879117,2.3551862
495026,2013-01-14,9,587104,1.049,0.0,2,3,0,6,14,2302,1,94.27,2009,-1,-1,-1,14,0,3,1,1,2013,0,0,7.312,0.514,0.0,0.0,4.461142857142858,0.0,2.494951397560777,4.742945
499100,2013-01-14,15,361502,4.0,0.0,0,2,1,15,9,1036,0,94.27,1368,-1,-1,-1,14,0,3,1,1,2013,0,0,6.0,5.0,0.0,0.0,3.7142857142857144,0.0,2.058663459163551,3.1870353
488273,2013-01-14,3,164647,11.0,0.0,2,3,2,8,4,3032,0,94.27,2785,-1,-1,-1,14,0,3,1,1,2013,0,0,8.0,8.0,0.0,0.0,6.857142857142857,0.0,1.0690449676496983,9.3517275
499101,2013-01-14,15,362548,27.0,0.0,0,2,1,15,9,1042,0,94.27,1368,-1,-1,-1,14,0,3,1,1,2013,0,0,2.0,4.0,0.0,0.0,13.285714285714286,0.0,14.020393310154626,10.503385
495025,2013-01-14,9,587069,15.0,0.0,2,3,0,6,9,1004,0,94.27,2009,-1,-1,-1,14,0,3,1,1,2013,0,0,36.0,12.0,0.0,0.0,17.285714285714285,0.0,9.516902257112267,16.441526
499102,2013-01-14,15,363868,3.0,0.0,0,2,1,15,9,1016,0,94.27,1368,-1,-1,-1,14,0,3,1,1,2013,0,0,7.0,8.0,0.0,0.0,4.0,0.0,2.828427124746194,4.9326763
488272,2013-01-14,3,164088,7.0,0.0,2,3,2,8,5,2116,1,94.27,2785,-1,-1,-1,14,0,3,1,1,2013,0,0,8.0,6.0,0.0,0.0,7.428571428571429,0.0,3.25868802112869,9.443479
492085,2013-01-14,6,849080,1.0,0.0,2,3,2,13,5,2116,1,94.27,1545,-1,-1,-1,14,0,3,1,1,2013,0,0,2.0,3.0,0.0,0.0,2.2857142857142856,0.0,0.9511897312113419,2.769624
489871,2013-01-14,4,634014,2.521,0.0,2,3,2,9,14,2306,1,94.27,1321,-1,-1,-1,14,0,3,1,1,2013,0,0,11.045,7.626,0.0,0.0,7.678285714285714,0.0,2.8259582277100104,6.374592
489870,2013-01-14,4,634010,3.829,0.0,2,3,2,9,14,2306,1,94.27,1321,-1,-1,-1,14,0,3,1,1,2013,0,0,8.496,5.992,0.0,0.0,4.701714285714286,0.0,2.032071743671609,6.791079
488291,2013-01-14,3,173111,15.0,0.0,2,3,2,8,9,1058,0,94.27,2785,-1,-1,-1,14,0,3,1,1,2013,0,0,22.0,16.0,0.0,0.0,13.0,0.0,5.000000000000002,12.926315
492105,2013-01-14,6,862213,6.0,0.0,2,3,2,13,5,2116,1,94.27,1545,-1,-1,-1,14,0,3,1,1,2013,0,0,13.0,9.0,0.0,0.0,7.428571428571429,0.0,3.101458950082627,6.8608727
499140,2013-01-14,15,414353,13.0,0.0,0,2,1,15,9,1014,0,94.27,1368,-1,-1,-1,14,0,3,1,1,2013,0,0,27.0,36.0,0.0,0.0,17.285714285714285,0.0,10.258562045340234,16.359167
499177,2013-01-14,15,464302,3.0,0.0,0,2,1,15,9,1026,0,94.27,1368,-1,-1,-1,14,0,3,1,1,2013,0,0,7.0,11.0,0.0,0.0,6.0,0.0,2.82842712474619,4.99991
495998,2013-01-14,10,956014,5.0,0.0,2,3,1,15,9,1088,0,94.27,1000,-1,-1,-1,14,0,3,1,1,2013,0,0,8.0,6.0,0.0,0.0,5.714285714285714,0.0,3.4016802570830458,7.736361
499178,2013-01-14,15,464333,5.0,0.0,0,2,1,15,9,1040,0,94.27,1368,-1,-1,-1,14,0,3,1,1,2013,0,0,4.0,4.0,0.0,0.0,6.857142857142857,0.0,4.220133150686576,5.2254987
488204,2013-01-14,3,106716,9.0,0.0,2,3,2,8,9,1032,0,94.27,2785,-1,-1,-1,14,0,3,1,1,2013,0,0,2.0,11.0,0.0,0.0,6.428571428571429,0.0,5.028490259085155,6.1051407
494985,2013-01-14,9,564272,5.0,0.0,2,3,0,6,9,1016,0,94.27,2009,-1,-1,-1,14,0,3,1,1,2013,0,0,7.0,2.0,0.0,0.0,5.142857142857143,0.0,2.5448360411214073,7.06009
491158,2013-01-14,5,949299,7.0,0.0,4,4,2,4,4,3020,0,94.27,1457,-1,-1,-1,14,0,3,1,1,2013,0,0,3.0,5.0,0.0,0.0,3.2857142857142856,0.0,1.4960264830861913,2.8356128
488203,2013-01-14,3,105857,17.0,0.0,2,3,2,8,9,1092,0,94.27,2785,-1,-1,-1,14,0,3,1,1,2013,0,0,22.0,26.0,0.0,0.0,26.0,0.0,8.850612031567836,22.183592
489896,2013-01-14,4,671684,2.0,0.0,2,3,2,9,6,2644,1,94.27,1321,-1,-1,-1,14,0,3,1,1,2013,0,0,14.0,4.0,0.0,0.0,5.857142857142857,0.0,3.8913824205360674,5.4225664
499179,2013-01-14,15,464334,1.0,0.0,0,2,1,15,9,1040,0,94.27,1368,-1,-1,-1,14,0,3,1,1,2013,0,0,8.0,5.0,0.0,0.0,5.0,0.0,5.066228051190221,4.903967
492126,2013-01-14,6,875604,7.0,0.0,2,3,2,13,9,1026,0,94.27,1545,-1,-1,-1,14,0,3,1,1,2013,0,0,6.0,0.0,0.0,0.0,0.0,0.0,0.0,4.0694737
494984,2013-01-14,9,564110,15.0,0.0,2,3,0,6,9,1066,0,94.27,2009,-1,-1,-1,14,0,3,1,1,2013,0,0,32.0,26.0,0.0,0.0,32.57142857142857,0.0,25.297280109774274,25.46738
499180,2013-01-14,15,464336,6.0,0.0,0,2,1,15,9,1040,0,94.27,1368,-1,-1,-1,14,0,3,1,1,2013,0,0,8.0,18.0,0.0,0.0,10.142857142857142,0.0,5.459809869356607,8.932435
488202,2013-01-14,3,105737,7.0,0.0,2,3,2,8,9,1044,0,94.27,2785,-1,-1,-1,14,0,3,1,1,2013,0,0,7.0,4.0,0.0,0.0,5.571428571428571,0.0,3.1547394428670255,5.4004555
494983,2013-01-14,9,563966,1.0,0.0,2,3,0,6,2,1124,0,94.27,2009,-1,-1,-1,14,0,3,1,1,2013,0,0,7.0,1.0,0.0,0.0,2.5714285714285716,0.0,2.2253945610567474,4.288492
488201,2013-01-14,3,105693,1.0,0.0,2,3,2,8,9,1034,0,94.27,2785,-1,-1,-1,14,0,3,1,1,2013,0,0,6.0,7.0,0.0,0.0,2.7142857142857144,0.0,2.627691364061218,4.1971345
497335,2013-01-14,12,671079,1.0,0.0,1,1,1,15,6,2644,1,94.27,1147,-1,-1,-1,14,0,3,1,1,2013,0,0,1.0,2.0,0.0,0.0,1.5714285714285714,0.0,0.7867957924694421,1.744915
494982,2013-01-14,9,563654,5.0,0.0,2,3,0,6,4,3034,0,94.27,2009,-1,-1,-1,14,0,3,1,1,2013,0,0,10.0,10.0,0.0,0.0,7.428571428571429,0.0,2.8199966227605566,6.8597493
499181,2013-01-14,15,464374,2.0,0.0,0,2,1,15,2,1124,0,94.27,1368,-1,-1,-1,14,0,3,1,1,2013,0,0,4.0,13.0,0.0,0.0,6.0,0.0,3.1091263510296048,5.8560567
488200,2013-01-14,3,105577,1.0,0.0,2,3,2,8,9,1045,0,94.27,2785,-1,-1,-1,14,0,3,1,1,2013,0,0,6.0,4.0,0.0,0.0,4.428571428571429,0.0,2.760262237369417,4.8485994
497334,2013-01-14,12,671076,1.0,0.0,1,1,1,15,6,2644,1,94.27,1147,-1,-1,-1,14,0,3,1,1,2013,0,0,1.0,1.0,0.0,0.0,1.5714285714285714,0.0,0.9759000729485333,1.7525872
492127,2013-01-14,6,876663,2.0,0.0,2,3,2,13,9,1004,0,94.27,1545,-1,-1,-1,14,0,3,1,1,2013,0,0,10.0,15.0,0.0,0.0,8.571428571428571,0.0,4.503966505838414,10.66456
495999,2013-01-14,10,959437,4.0,0.0,2,3,1,15,13,1318,0,94.27,1000,-1,-1,-1,14,0,3,1,1,2013,0,0,6.0,0.0,0.0,0.0,0.0,0.0,0.0,4.070694
488199,2013-01-14,3,105575,13.0,0.0,2,3,2,8,9,1045,0,94.27,2785,-1,-1,-1,14,0,3,1,1,2013,0,0,9.0,13.0,0.0,0.0,10.428571428571429,0.0,2.5727509827123987,9.709903
499182,2013-01-14,15,464907,2.0,0.0,0,2,1,15,9,1056,0,94.27,1368,-1,-1,-1,14,0,3,1,1,2013,0,0,2.0,2.0,0.0,0.0,2.4285714285714284,0.0,0.9759000729485331,2.295858
491157,2013-01-14,5,949298,1.0,0.0,4,4,2,4,4,3020,0,94.27,1457,-1,-1,-1,14,0,3,1,1,2013,0,0,3.0,0.0,0.0,0.0,0.0,0.0,0.0,2.6422355
492125,2013-01-14,6,874990,4.0,0.0,2,3,2,13,4,3008,0,94.27,1545,-1,-1,-1,14,0,3,1,1,2013,0,0,4.0,7.0,0.0,0.0,5.0,0.0,3.1622776601683795,3.9843671
499183,2013-01-14,15,464940,3.0,0.0,0,2,1,15,4,3090,0,94.27,1368,-1,-1,-1,14,0,3,1,1,2013,0,0,3.0,4.0,0.0,0.0,2.4285714285714284,0.0,0.9759000729485333,2.6042712
489895,2013-01-14,4,671084,6.0,0.0,2,3,2,9,6,2644,1,94.27,1321,-1,-1,-1,14,0,3,1,1,2013,0,0,9.0,6.0,0.0,0.0,4.714285714285714,0.0,3.147183169877772,4.431706
493533,2013-01-14,8,215331,10.0,0.0,2,3,2,8,9,1040,0,94.27,2622,-1,-1,-1,14,0,3,1,1,2013,0,0,4.0,1.0,0.0,0.0,6.571428571428571,0.0,3.2071349029490914,5.2678723
488211,2013-01-14,3,108952,4.0,0.0,2,3,2,8,4,3024,0,94.27,2785,-1,-1,-1,14,0,3,1,1,2013,0,0,2.0,4.0,0.0,0.0,5.571428571428571,0.0,2.5071326821120326,5.1070685
489893,2013-01-14,4,671076,4.0,0.0,2,3,2,9,6,2644,1,94.27,1321,-1,-1,-1,14,0,3,1,1,2013,0,0,1.0,3.0,0.0,0.0,2.7142857142857144,0.0,1.2535663410560174,2.1450827
499170,2013-01-14,15,459762,1.0,0.0,0,2,1,15,3,2708,1,94.27,1368,-1,-1,-1,14,0,3,1,1,2013,0,0,1.0,0.0,0.0,0.0,0.0,0.0,0.0,2.368444
492122,2013-01-14,6,872308,1.0,0.0,2,3,2,13,9,1034,0,94.27,1545,-1,-1,-1,14,0,3,1,1,2013,0,0,11.0,1.0,0.0,0.0,6.142857142857143,0.0,3.579039509354962,5.9024863
497337,2013-01-14,12,686034,2.0,0.0,1,1,1,15,2,1122,0,94.27,1147,-1,-1,-1,14,0,3,1,1,2013,0,0,2.0,1.0,0.0,0.0,2.0,0.0,1.1547005383792515,2.4542444
499171,2013-01-14,15,459804,7.0,0.0,0,2,1,15,9,1086,0,94.27,1368,-1,-1,-1,14,0,3,1,1,2013,0,0,4.0,1.0,0.0,0.0,3.0,0.0,1.154700538379252,2.6127436
488210,2013-01-14,3,108862,1.0,0.0,2,3,2,8,9,1062,0,94.27,2785,-1,-1,-1,14,0,3,1,1,2013,0,0,1.0,2.0,0.0,0.0,2.5714285714285716,0.0,1.5118578920369086,2.8310459
494988,2013-01-14,9,564533,32.0,0.0,2,3,0,6,9,1012,0,94.27,2009,-1,-1,-1,14,0,3,1,1,2013,0,0,34.0,37.0,0.0,0.0,37.142857142857146,0.0,15.72077787969976,28.764988
499172,2013-01-14,15,460804,1.0,0.0,0,2,1,15,9,1048,0,94.27,1368,-1,-1,-1,14,0,3,1,1,2013,0,0,2.0,4.0,0.0,0.0,1.8571428571428572,0.0,1.2149857925879115,2.1077688
499173,2013-01-14,15,461432,1.0,0.0,0,2,1,15,0,6810,0,94.27,1368,-1,-1,-1,14,0,3,1,1,2013,0,0,1.0,0.0,0.0,0.0,0.0,0.0,0.0,1.428545
488209,2013-01-14,3,108831,60.568,0.0,2,3,2,8,16,2416,1,94.27,2785,-1,-1,-1,14,0,3,1,1,2013,0,0,130.718,31.659,0.0,0.0,82.64714285714285,0.0,34.38330236916641,38.760864
492123,2013-01-14,6,872310,3.0,0.0,2,3,2,13,9,1034,0,94.27,1545,-1,-1,-1,14,0,3,1,1,2013,0,0,2.0,1.0,0.0,0.0,2.4285714285714284,0.0,0.9759000729485332,2.4075954
499174,2013-01-14,15,462673,1.0,0.0,0,2,1,15,9,1048,0,94.27,1368,-1,-1,-1,14,0,3,1,1,2013,0,0,1.0,0.0,0.0,0.0,0.0,0.0,0.0,1.8847749
488208,2013-01-14,3,108797,10.0,0.0,2,3,2,8,9,1004,0,94.27,2785,-1,-1,-1,14,0,3,1,1,2013,0,0,14.0,9.0,0.0,0.0,11.714285714285714,0.0,3.860668582611293,11.852149
489894,2013-01-14,4,671079,1.0,0.0,2,3,2,9,6,2644,1,94.27,1321,-1,-1,-1,14,0,3,1,1,2013,0,0,4.0,2.0,0.0,0.0,2.857142857142857,0.0,2.1157009420498154,2.636231
491159,2013-01-14,5,949511,2.0,0.0,4,4,2,4,9,1062,0,94.27,1457,-1,-1,-1,14,0,3,1,1,2013,0,0,2.0,0.0,0.0,0.0,0.0,0.0,0.0,2.0596828
494987,2013-01-14,9,564288,9.0,0.0,2,3,0,6,3,2718,1,94.27,2009,-1,-1,-1,14,0,3,1,1,2013,0,0,8.0,8.0,0.0,0.0,4.571428571428571,0.0,2.507132682112032,7.555515
488207,2013-01-14,3,108786,1.0,0.0,2,3,2,8,4,3044,0,94.27,2785,-1,-1,-1,14,0,3,1,1,2013,0,0,4.0,6.0,0.0,0.0,3.857142857142857,0.0,1.573591584938887,4.4471188
495997,2013-01-14,10,956013,3.0,0.0,2,3,1,15,9,1088,0,94.27,1000,-1,-1,-1,14,0,3,1,1,2013,0,0,8.0,10.0,0.0,0.0,4.285714285714286,0.0,3.4503277967117714,7.3247256
499175,2013-01-14,15,463901,21.0,0.0,0,2,1,15,4,3034,0,94.27,1368,-1,-1,-1,14,0,3,1,1,2013,0,0,1.0,28.0,0.0,0.0,7.0,0.0,9.729679679550948,6.2371287
494986,2013-01-14,9,564287,65.0,0.0,2,3,0,6,3,2718,1,94.27,2009,-1,-1,-1,14,0,3,1,1,2013,0,0,71.0,39.0,0.0,0.0,38.142857142857146,0.0,22.995858840441766,38.467068
492124,2013-01-14,6,874593,6.0,0.0,2,3,2,13,9,1016,0,94.27,1545,-1,-1,-1,14,0,3,1,1,2013,0,0,5.0,5.0,0.0,0.0,7.857142857142857,0.0,4.298393941484479,7.1902184
488206,2013-01-14,3,108698,7.0,0.0,2,3,2,8,6,2644,1,94.27,2785,-1,-1,-1,14,0,3,1,1,2013,0,0,11.0,11.0,0.0,0.0,8.571428571428571,0.0,3.690399384761441,8.24091
497336,2013-01-14,12,683720,1.0,0.0,1,1,1,15,9,1062,0,94.27,1147,-1,-1,-1,14,0,3,1,1,2013,0,0,1.0,1.0,0.0,0.0,1.1428571428571428,0.0,0.3779644730092272,1.5669422
499176,2013-01-14,15,464263,17.0,0.0,0,2,1,15,9,1014,0,94.27,1368,-1,-1,-1,14,0,3,1,1,2013,0,0,2.0,5.0,0.0,0.0,8.571428571428571,0.0,4.314979445958882,6.9663835
488205,2013-01-14,3,108696,9.0,0.0,2,3,2,8,6,2636,1,94.27,2785,-1,-1,-1,14,0,3,1,1,2013,0,0,16.0,3.0,0.0,0.0,6.571428571428571,0.0,4.577377082170635,8.131704
489892,2013-01-14,4,671062,1.0,0.0,2,3,2,9,6,2636,1,94.27,1321,-1,-1,-1,14,0,3,1,1,2013,0,0,2.0,1.0,0.0,0.0,2.4285714285714284,0.0,0.9759000729485331,2.1514413
494981,2013-01-14,9,559873,9.0,0.0,2,3,0,6,9,1072,0,94.27,2009,-1,-1,-1,14,0,3,1,1,2013,0,0,12.0,6.0,0.0,0.0,5.857142857142857,0.0,3.4846602621858476,6.120171
488198,2013-01-14,3,105574,20.0,0.0,2,3,2,8,9,1045,0,94.27,2785,-1,-1,-1,14,0,3,1,1,2013,0,0,33.0,33.0,0.0,0.0,24.0,0.0,7.14142842854285,22.10388
488192,2013-01-14,2,1109389,13.0,0.0,2,3,2,13,9,1034,0,94.27,1713,-1,-1,-1,14,0,3,1,1,2013,0,0,5.0,13.0,0.0,0.0,7.285714285714286,0.0,5.618845839799182,6.8054566
494976,2013-01-14,9,559494,1.0,0.0,2,3,0,6,3,2708,1,94.27,2009,-1,-1,-1,14,0,3,1,1,2013,0,0,3.0,3.0,0.0,0.0,3.2857142857142856,0.0,0.9511897312113409,2.8321984
491155,2013-01-14,5,949243,11.0,0.0,4,4,2,4,15,4126,0,94.27,1457,-1,-1,-1,14,0,3,1,1,2013,0,0,5.0,8.0,0.0,0.0,8.857142857142858,0.0,2.544836041121407,5.7785163
499193,2013-01-14,15,502067,2.0,0.0,0,2,1,15,9,1028,0,94.27,1368,-1,-1,-1,14,0,3,1,1,2013,0,0,2.0,1.0,0.0,0.0,1.8571428571428572,0.0,1.0690449676496974,1.9210507
489898,2013-01-14,4,673415,1.0,0.0,2,3,2,9,6,2632,1,94.27,1321,-1,-1,-1,14,0,3,1,1,2013,0,0,1.0,3.0,0.0,0.0,2.142857142857143,0.0,1.0690449676496976,1.8225907
499194,2013-01-14,15,502227,4.0,0.0,0,2,1,15,9,1096,0,94.27,1368,-1,-1,-1,14,0,3,1,1,2013,0,0,4.0,1.0,0.0,0.0,2.2857142857142856,0.0,1.2535663410560176,2.6983929
492134,2013-01-14,6,881912,4.0,0.0,2,3,2,13,9,1042,0,94.27,1545,-1,-1,-1,14,0,3,1,1,2013,0,0,9.0,4.0,0.0,0.0,5.428571428571429,0.0,1.9023794624226835,5.2275968
494975,2013-01-14,9,559493,37.0,0.0,2,3,0,6,3,2702,1,94.27,2009,-1,-1,-1,14,0,3,1,1,2013,0,0,32.0,39.0,0.0,0.0,24.571428571428573,0.0,9.74435123301603,23.759373
488191,2013-01-14,2,1109325,33.0,0.0,2,3,2,13,2,1136,0,94.27,1713,-1,-1,-1,14,0,3,1,1,2013,0,0,44.0,23.0,0.0,0.0,18.428571428571427,0.0,12.474736374731437,23.267635
496001,2013-01-14,10,964752,7.0,0.0,2,3,1,15,9,1088,0,94.27,1000,-1,-1,-1,14,0,3,1,1,2013,0,0,8.0,9.0,0.0,0.0,7.428571428571429,0.0,3.735288603626356,9.042875
497330,2013-01-14,12,671039,10.0,0.0,1,1,1,15,2,1122,0,94.27,1147,-1,-1,-1,14,0,3,1,1,2013,0,0,5.0,7.0,0.0,0.0,6.428571428571429,0.0,4.3915503282684,5.2685604
492135,2013-01-14,6,882624,8.0,0.0,2,3,2,13,5,2116,1,94.27,1545,-1,-1,-1,14,0,3,1,1,2013,0,0,14.0,4.0,0.0,0.0,6.857142857142857,0.0,3.6253078686998634,6.798869
499195,2013-01-14,15,502331,18.0,0.0,0,2,1,15,3,2702,1,94.27,1368,-1,-1,-1,14,0,3,1,1,2013,0,0,34.0,28.0,0.0,0.0,23.714285714285715,0.0,7.409774753982873,22.026533
499196,2013-01-14,15,504457,4.0,0.0,0,2,1,15,9,1034,0,94.27,1368,-1,-1,-1,14,0,3,1,1,2013,0,0,1.0,10.0,0.0,0.0,4.428571428571429,0.0,3.1014589500826255,3.5322
494974,2013-01-14,9,559044,1.0,0.0,2,3,0,6,3,2716,1,94.27,2009,-1,-1,-1,14,0,3,1,1,2013,0,0,1.0,4.0,0.0,0.0,2.7142857142857144,0.0,1.7043362064926935,2.7331014
497329,2013-01-14,12,668754,1.0,0.0,1,1,1,15,4,3016,0,94.27,1147,-1,-1,-1,14,0,3,1,1,2013,0,0,2.0,0.0,0.0,0.0,0.0,0.0,0.0,1.9120145
491154,2013-01-14,5,949053,2.0,0.0,4,4,2,4,9,1062,0,94.27,1457,-1,-1,-1,14,0,3,1,1,2013,0,0,5.0,4.0,0.0,0.0,4.285714285714286,0.0,1.1126972805283735,3.2869177
489899,2013-01-14,4,675524,7.0,0.0,2,3,2,9,17,2956,1,94.27,1321,-1,-1,-1,14,0,3,1,1,2013,0,0,10.0,2.0,0.0,0.0,4.571428571428571,0.0,2.9358214555806392,4.948656
499197,2013-01-14,15,507457,4.0,0.0,0,2,1,15,8,2218,0,94.27,1368,-1,-1,-1,14,0,3,1,1,2013,0,0,3.0,0.0,0.0,0.0,0.0,0.0,0.0,2.7372165
488190,2013-01-14,2,1105214,2.0,0.0,2,3,2,13,9,1074,0,94.27,1713,-1,-1,-1,14,0,3,1,1,2013,0,0,6.0,2.0,0.0,0.0,3.2857142857142856,0.0,1.9760470401187074,3.994751
492136,2013-01-14,6,884878,34.0,0.0,2,3,2,13,2,1124,0,94.27,1545,-1,-1,-1,14,0,3,1,1,2013,0,0,66.0,8.0,0.0,0.0,30.0,0.0,18.89444362769118,40.00167
499198,2013-01-14,15,507870,4.0,0.0,0,2,1,15,9,1084,0,94.27,1368,-1,-1,-1,14,0,3,1,1,2013,0,0,2.0,5.0,0.0,0.0,3.142857142857143,0.0,2.4784787961282104,2.4242768
494973,2013-01-14,9,557810,2.0,0.0,2,3,0,6,9,1084,0,94.27,2009,-1,-1,-1,14,0,3,1,1,2013,0,0,4.0,4.0,0.0,0.0,4.571428571428571,0.0,2.5071326821120348,3.281713
488189,2013-01-14,2,1105212,7.0,0.0,2,3,2,13,9,1074,0,94.27,1713,-1,-1,-1,14,0,3,1,1,2013,0,0,7.0,23.0,0.0,0.0,10.857142857142858,0.0,5.928141120356122,10.084243
497328,2013-01-14,12,668752,1.0,0.0,1,1,1,15,4,3016,0,94.27,1147,-1,-1,-1,14,0,3,1,1,2013,0,0,2.0,4.0,0.0,0.0,2.0,0.0,1.1547005383792515,1.9489627
499192,2013-01-14,15,472658,8.0,0.0,0,2,1,15,9,1032,0,94.27,1368,-1,-1,-1,14,0,3,1,1,2013,0,0,8.0,15.0,0.0,0.0,10.285714285714286,0.0,4.956957592256422,8.280936
492128,2013-01-14,6,877513,20.0,0.0,2,3,2,13,4,3020,0,94.27,1545,-1,-1,-1,14,0,3,1,1,2013,0,0,38.0,12.0,0.0,0.0,14.857142857142858,0.0,11.036735197037382,16.82899
492133,2013-01-14,6,881911,1.0,0.0,2,3,2,13,9,1042,0,94.27,1545,-1,-1,-1,14,0,3,1,1,2013,0,0,14.0,9.0,0.0,0.0,7.0,0.0,3.9157800414902484,6.946726
499191,2013-01-14,15,472314,2.0,0.0,0,2,1,15,9,1030,0,94.27,1368,-1,-1,-1,14,0,3,1,1,2013,0,0,2.0,5.0,0.0,0.0,3.857142857142857,0.0,1.3451854182690985,2.6725986
499184,2013-01-14,15,467808,5.0,0.0,0,2,1,15,4,3026,0,94.27,1368,-1,-1,-1,14,0,3,1,1,2013,0,0,1.0,4.0,0.0,0.0,5.0,0.0,2.886751345948128,3.9928718
496000,2013-01-14,10,959502,3.0,0.0,2,3,1,15,4,3040,0,94.27,1000,-1,-1,-1,14,0,3,1,1,2013,0,0,2.0,0.0,0.0,0.0,0.0,0.0,0.0,2.103298
494980,2013-01-14,9,559872,5.0,0.0,2,3,0,6,9,1072,0,94.27,2009,-1,-1,-1,14,0,3,1,1,2013,0,0,12.0,7.0,0.0,0.0,4.714285714285714,0.0,3.903600291794133,5.7480044
488197,2013-01-14,3,103665,11.0,0.0,2,3,2,8,3,2712,1,94.27,2785,-1,-1,-1,14,0,3,1,1,2013,0,0,7.0,15.0,0.0,0.0,10.142857142857142,0.0,5.047394424471943,8.995092
499185,2013-01-14,15,467887,7.0,0.0,0,2,1,15,9,1076,0,94.27,1368,-1,-1,-1,14,0,3,1,1,2013,0,0,2.0,8.0,0.0,0.0,6.285714285714286,0.0,3.9036002917941324,5.0537577
497333,2013-01-14,12,671068,4.0,0.0,1,1,1,15,6,2636,1,94.27,1147,-1,-1,-1,14,0,3,1,1,2013,0,0,3.0,6.0,0.0,0.0,4.571428571428571,0.0,1.9023794624226837,3.1144357
492129,2013-01-14,6,877514,14.0,0.0,2,3,2,13,4,3020,0,94.27,1545,-1,-1,-1,14,0,3,1,1,2013,0,0,24.0,6.0,0.0,0.0,11.142857142857142,0.0,6.414269805898186,10.6595745
491156,2013-01-14,5,949296,2.0,0.0,4,4,2,4,4,3020,0,94.27,1457,-1,-1,-1,14,0,3,1,1,2013,0,0,10.0,8.0,0.0,0.0,7.285714285714286,0.0,2.2886885410853175,5.775052
499186,2013-01-14,15,469643,6.0,0.0,0,2,1,15,9,1030,0,94.27,1368,-1,-1,-1,14,0,3,1,1,2013,0,0,2.0,2.0,0.0,0.0,2.857142857142857,0.0,2.3401261667248794,2.3161752
488196,2013-01-14,2,1114749,1.0,0.0,2,3,2,13,4,3040,0,94.27,1713,-1,-1,-1,14,0,3,1,1,2013,0,0,5.0,1.0,0.0,0.0,2.4285714285714284,0.0,1.397276262011544,3.5584419
492130,2013-01-14,6,878715,5.0,0.0,2,3,2,13,9,1040,0,94.27,1545,-1,-1,-1,14,0,3,1,1,2013,0,0,1.0,1.0,0.0,0.0,1.8571428571428572,0.0,1.2149857925879117,2.204827
494979,2013-01-14,9,559870,50.0,0.0,2,3,0,6,9,1072,0,94.27,2009,-1,-1,-1,14,0,3,1,1,2013,0,0,131.0,83.0,0.0,0.0,81.71428571428571,0.0,26.954988936585178,50.572086
499187,2013-01-14,15,470624,16.0,0.0,0,2,1,15,4,3046,0,94.27,1368,-1,-1,-1,14,0,3,1,1,2013,0,0,17.0,7.0,0.0,0.0,10.142857142857142,0.0,4.3369947901195145,9.032601
489897,2013-01-14,4,671908,2.0,0.0,2,3,2,9,6,2636,1,94.27,1321,-1,-1,-1,14,0,3,1,1,2013,0,0,3.0,5.0,0.0,0.0,2.857142857142857,0.0,1.5735915849388864,2.41266
499188,2013-01-14,15,470760,1.0,0.0,0,2,1,15,4,3004,0,94.27,1368,-1,-1,-1,14,0,3,1,1,2013,0,0,2.0,4.0,0.0,0.0,3.142857142857143,0.0,1.7728105208558365,2.4725292
492131,2013-01-14,6,881701,7.0,0.0,2,3,2,13,9,1042,0,94.27,1545,-1,-1,-1,14,0,3,1,1,2013,0,0,8.0,9.0,0.0,0.0,6.0,0.0,2.380476142847616,8.098868
488195,2013-01-14,2,1113852,3.0,0.0,2,3,2,13,6,2654,1,94.27,1713,-1,-1,-1,14,0,3,1,1,2013,0,0,2.0,2.0,0.0,0.0,1.7142857142857142,0.0,0.7559289460184545,2.3201847
499189,2013-01-14,15,470762,2.0,0.0,0,2,1,15,4,3004,0,94.27,1368,-1,-1,-1,14,0,3,1,1,2013,0,0,2.0,1.0,0.0,0.0,2.0,0.0,0.5773502691896257,2.177239
494978,2013-01-14,9,559682,1.0,0.0,2,3,0,6,9,1086,0,94.27,2009,-1,-1,-1,14,0,3,1,1,2013,0,0,4.0,1.0,0.0,0.0,2.2857142857142856,0.0,1.6035674514745464,2.5608487
497332,2013-01-14,12,671066,4.0,0.0,1,1,1,15,6,2636,1,94.27,1147,-1,-1,-1,14,0,3,1,1,2013,0,0,2.0,4.0,0.0,0.0,1.7142857142857142,0.0,1.1126972805283735,1.9435865
488194,2013-01-14,2,1113847,1.0,0.0,2,3,2,13,6,2654,1,94.27,1713,-1,-1,-1,14,0,3,1,1,2013,0,0,2.0,5.0,0.0,0.0,4.285714285714286,0.0,2.9277002188455996,3.2875164
499190,2013-01-14,15,471980,3.0,0.0,0,2,1,15,9,1058,0,94.27,1368,-1,-1,-1,14,0,3,1,1,2013,0,0,2.0,2.0,0.0,0.0,3.142857142857143,0.0,2.410295378065479,2.49723
492132,2013-01-14,6,881910,4.0,0.0,2,3,2,13,9,1042,0,94.27,1545,-1,-1,-1,14,0,3,1,1,2013,0,0,8.0,7.0,0.0,0.0,4.857142857142857,0.0,2.1157009420498154,7.380188
494977,2013-01-14,9,559680,1.0,0.0,2,3,0,6,9,1034,0,94.27,2009,-1,-1,-1,14,0,3,1,1,2013,0,0,1.0,4.0,0.0,0.0,2.5714285714285716,0.0,1.8126539343499315,2.2736003
488193,2013-01-14,2,1109391,5.0,0.0,2,3,2,13,9,1034,0,94.27,1713,-1,-1,-1,14,0,3,1,1,2013,0,0,9.0,6.0,0.0,0.0,4.0,0.0,2.943920288775949,6.88312
497331,2013-01-14,12,671062,4.0,0.0,1,1,1,15,6,2636,1,94.27,1147,-1,-1,-1,14,0,3,1,1,2013,0,0,1.0,10.0,0.0,0.0,4.142857142857143,0.0,3.1320159337914952,3.2464736
494989,2013-01-14,9,564534,15.0,0.0,2,3,0,6,9,1012,0,94.27,2009,-1,-1,-1,14,0,3,1,1,2013,0,0,30.0,15.0,0.0,0.0,16.571428571428573,0.0,6.629659188252514,15.066125
492121,2013-01-14,6,871421,3.0,0.0,2,3,2,13,2,1124,0,94.27,1545,-1,-1,-1,14,0,3,1,1,2013,0,0,14.0,13.0,0.0,0.0,9.285714285714286,0.0,3.94606494769518,8.353977
488212,2013-01-14,3,111223,5.0,0.0,2,3,2,8,9,1034,0,94.27,2785,-1,-1,-1,14,0,3,1,1,2013,0,0,22.0,16.0,0.0,0.0,13.285714285714286,0.0,9.123491395189411,13.64433
495994,2013-01-14,10,953404,5.0,0.0,2,3,1,15,4,3046,0,94.27,1000,-1,-1,-1,14,0,3,1,1,2013,0,0,11.0,9.0,0.0,0.0,9.714285714285714,0.0,4.029651999626672,6.719369
499147,2013-01-14,15,414752,4.0,0.0,0,2,1,15,9,1072,0,94.27,1368,-1,-1,-1,14,0,3,1,1,2013,0,0,7.0,3.0,0.0,0.0,6.714285714285714,0.0,4.231401884099631,5.758517
491164,2013-01-14,5,953609,1.0,0.0,4,4,2,4,4,3046,0,94.27,1457,-1,-1,-1,14,0,3,1,1,2013,0,0,3.0,0.0,0.0,0.0,0.0,0.0,0.0,2.5867994
499148,2013-01-14,15,414888,2.0,0.0,0,2,1,15,4,3090,0,94.27,1368,-1,-1,-1,14,0,3,1,1,2013,0,0,4.0,2.0,0.0,0.0,2.4285714285714284,0.0,0.9759000729485333,2.87484
492110,2013-01-14,6,864511,3.0,0.0,2,3,2,13,9,1048,0,94.27,1545,-1,-1,-1,14,0,3,1,1,2013,0,0,2.0,2.0,0.0,0.0,2.7142857142857144,0.0,1.3801311186847087,2.637349
495000,2013-01-14,9,570922,4.0,0.0,2,3,0,6,4,3020,0,94.27,2009,-1,-1,-1,14,0,3,1,1,2013,0,0,7.0,2.0,0.0,0.0,4.285714285714286,0.0,1.799470821684874,3.9806502
489886,2013-01-14,4,660503,1.0,0.0,2,3,2,9,5,2124,1,94.27,1321,-1,-1,-1,14,0,3,1,1,2013,0,0,4.0,3.0,0.0,0.0,2.5714285714285716,0.0,0.7867957924694431,2.862592
499149,2013-01-14,15,417763,4.0,0.0,0,2,1,15,4,3026,0,94.27,1368,-1,-1,-1,14,0,3,1,1,2013,0,0,12.0,9.0,0.0,0.0,6.428571428571429,0.0,4.07664661444276,6.5404396
488230,2013-01-14,3,116279,1.0,0.0,2,3,2,8,9,1056,0,94.27,2785,-1,-1,-1,14,0,3,1,1,2013,0,0,1.0,0.0,0.0,0.0,0.0,0.0,0.0,2.8761756
497344,2013-01-14,12,699688,3.673,0.0,1,1,1,15,14,2302,1,94.27,1147,-1,-1,-1,14,0,3,1,1,2013,0,0,11.027,1.886,0.0,0.0,5.522857142857142,0.0,4.366959408580583,5.6792603
499150,2013-01-14,15,417835,7.0,0.0,0,2,1,15,9,1028,0,94.27,1368,-1,-1,-1,14,0,3,1,1,2013,0,0,1.0,2.0,0.0,0.0,1.5714285714285714,0.0,0.5345224838248492,1.6933541
488229,2013-01-14,3,116018,3.0,0.0,2,3,2,8,9,1072,0,94.27,2785,-1,-1,-1,14,0,3,1,1,2013,0,0,13.0,19.0,0.0,0.0,11.571428571428571,0.0,7.299706452023552,10.963008
492111,2013-01-14,6,865147,6.0,0.0,2,3,2,13,15,4114,0,94.27,1545,-1,-1,-1,14,0,3,1,1,2013,0,0,6.0,19.0,0.0,0.0,10.857142857142858,0.0,6.6690471940293286,8.686575
499151,2013-01-14,15,418025,11.0,0.0,0,2,1,15,6,2644,1,94.27,1368,-1,-1,-1,14,0,3,1,1,2013,0,0,21.0,18.0,0.0,0.0,15.285714285714286,0.0,5.879747322073338,13.764068
488228,2013-01-14,3,116017,35.0,0.0,2,3,2,8,9,1072,0,94.27,2785,-1,-1,-1,14,0,3,1,1,2013,0,0,38.0,28.0,0.0,0.0,28.571428571428573,0.0,7.435436388384653,26.646637
494999,2013-01-14,9,570917,4.0,0.0,2,3,0,6,9,1054,0,94.27,2009,-1,-1,-1,14,0,3,1,1,2013,0,0,4.0,5.0,0.0,0.0,6.714285714285714,0.0,3.5456210417116742,5.0867987
491163,2013-01-14,5,953562,2.0,0.0,4,4,2,4,9,1062,0,94.27,1457,-1,-1,-1,14,0,3,1,1,2013,0,0,1.0,3.0,0.0,0.0,2.7142857142857144,0.0,2.0586634591635513,2.2642646
494998,2013-01-14,9,568133,3.0,0.0,2,3,0,6,2,1122,0,94.27,2009,-1,-1,-1,14,0,3,1,1,2013,0,0,18.0,3.0,0.0,0.0,6.428571428571429,0.0,6.477065767180457,7.3831453
499152,2013-01-14,15,418026,3.0,0.0,0,2,1,15,6,2644,1,94.27,1368,-1,-1,-1,14,0,3,1,1,2013,0,0,3.0,7.0,0.0,0.0,4.0,0.0,2.0,3.011811
488227,2013-01-14,3,115894,17.0,0.0,2,3,2,8,9,1016,0,94.27,2785,-1,-1,-1,14,0,3,1,1,2013,0,0,78.0,19.0,0.0,0.0,36.57142857142857,0.0,21.42317392340316,39.99869
492112,2013-01-14,6,865155,1.0,0.0,2,3,2,13,9,1058,0,94.27,1545,-1,-1,-1,14,0,3,1,1,2013,0,0,2.0,1.0,0.0,0.0,1.5714285714285714,0.0,0.7867957924694432,2.3694513
499153,2013-01-14,15,421066,2.0,0.0,0,2,1,15,9,1004,0,94.27,1368,-1,-1,-1,14,0,3,1,1,2013,0,0,2.0,3.0,0.0,0.0,2.0,0.0,0.5773502691896257,2.1703906
489887,2013-01-14,4,664539,3.0,0.0,2,3,2,9,15,4126,0,94.27,1321,-1,-1,-1,14,0,3,1,1,2013,0,0,7.0,3.0,0.0,0.0,3.2857142857142856,0.0,1.7043362064926935,3.4639626
488226,2013-01-14,3,115893,24.0,0.0,2,3,2,8,9,1016,0,94.27,2785,-1,-1,-1,14,0,3,1,1,2013,0,0,86.0,24.0,0.0,0.0,38.142857142857146,0.0,23.88464340274291,38.613777
497343,2013-01-14,12,698643,12.0,0.0,1,1,1,15,9,1045,0,94.27,1147,-1,-1,-1,14,0,3,1,1,2013,0,0,4.0,15.0,0.0,0.0,7.0,0.0,4.8304589153964805,5.882086
492109,2013-01-14,6,864510,7.0,0.0,2,3,2,13,9,1048,0,94.27,1545,-1,-1,-1,14,0,3,1,1,2013,0,0,21.0,15.0,0.0,0.0,12.857142857142858,0.0,5.756983337031393,11.604684
492113,2013-01-14,6,866927,8.0,0.0,2,3,2,13,6,2632,1,94.27,1545,-1,-1,-1,14,0,3,1,1,2013,0,0,6.0,7.0,0.0,0.0,9.285714285714286,0.0,9.357960705807038,6.9503813
488231,2013-01-14,3,119023,1.0,0.0,2,3,2,8,4,3026,0,94.27,2785,-1,-1,-1,14,0,3,1,1,2013,0,0,4.0,11.0,0.0,0.0,5.0,0.0,3.214550253664315,5.744643
495001,2013-01-14,9,572838,3.0,0.0,2,3,0,6,4,3022,0,94.27,2009,-1,-1,-1,14,0,3,1,1,2013,0,0,11.0,3.0,0.0,0.0,9.142857142857142,0.0,4.561745697594707,6.856277
497347,2013-01-14,12,716242,4.0,0.0,1,1,1,15,4,3020,0,94.27,1147,-1,-1,-1,14,0,3,1,1,2013,0,0,3.0,2.0,0.0,0.0,2.142857142857143,0.0,1.0690449676496965,2.3311782
491166,2013-01-14,5,956011,2.0,0.0,4,4,2,4,9,1064,0,94.27,1457,-1,-1,-1,14,0,3,1,1,2013,0,0,4.0,1.0,0.0,0.0,1.8571428571428572,0.0,1.2149857925879117,2.7724218
492106,2013-01-14,6,862454,48.0,0.0,2,3,2,13,9,1088,0,94.27,1545,-1,-1,-1,14,0,3,1,1,2013,0,0,39.0,40.0,0.0,0.0,35.285714285714285,0.0,9.123491395189411,31.261883
488237,2013-01-14,3,121964,1.0,0.0,2,3,2,8,0,6810,0,94.27,2785,-1,-1,-1,14,0,3,1,1,2013,0,0,2.0,2.0,0.0,0.0,1.8571428571428572,0.0,0.690065559342354,2.2858536
495993,2013-01-14,10,949296,3.0,0.0,2,3,1,15,4,3020,0,94.27,1000,-1,-1,-1,14,0,3,1,1,2013,0,0,5.0,1.0,0.0,0.0,2.4285714285714284,0.0,1.618347187425374,2.8241801
495004,2013-01-14,9,575675,2.0,0.0,2,3,0,6,9,1016,0,94.27,2009,-1,-1,-1,14,0,3,1,1,2013,0,0,9.0,0.0,0.0,0.0,0.0,0.0,0.0,8.567068
488236,2013-01-14,3,119624,1.0,0.0,2,3,2,8,2,1122,0,94.27,2785,-1,-1,-1,14,0,3,1,1,2013,0,0,19.0,13.0,0.0,0.0,16.428571428571427,0.0,10.627905765125181,14.221523
499141,2013-01-14,15,414426,3.0,0.0,0,2,1,15,9,1040,0,94.27,1368,-1,-1,-1,14,0,3,1,1,2013,0,0,5.0,8.0,0.0,0.0,6.714285714285714,0.0,5.282495802626056,5.3811846
495003,2013-01-14,9,574898,5.0,0.0,2,3,0,6,4,3018,0,94.27,2009,-1,-1,-1,14,0,3,1,1,2013,0,0,7.0,1.0,0.0,0.0,4.714285714285714,0.0,3.0394235042348465,4.2222586
499142,2013-01-14,15,414454,5.0,0.0,0,2,1,15,9,1084,0,94.27,1368,-1,-1,-1,14,0,3,1,1,2013,0,0,2.0,9.0,0.0,0.0,3.7142857142857144,0.0,2.984084768360628,3.10872
488235,2013-01-14,3,119191,2.0,0.0,2,3,2,8,4,3044,0,94.27,2785,-1,-1,-1,14,0,3,1,1,2013,0,0,7.0,7.0,0.0,0.0,8.857142857142858,0.0,4.059087394500207,7.57952
492107,2013-01-14,6,864290,14.0,0.0,2,3,2,13,17,2962,1,94.27,1545,-1,-1,-1,14,0,3,1,1,2013,0,0,17.0,2.0,0.0,0.0,7.714285714285714,0.0,5.529143565818179,7.3844223
499143,2013-01-14,15,414455,1.0,0.0,0,2,1,15,9,1084,0,94.27,1368,-1,-1,-1,14,0,3,1,1,2013,0,0,1.0,0.0,0.0,0.0,0.0,0.0,0.0,1.8091264
497346,2013-01-14,12,700609,2.0,0.0,1,1,1,15,8,2220,0,94.27,1147,-1,-1,-1,14,0,3,1,1,2013,0,0,1.0,1.0,0.0,0.0,3.0,0.0,3.055050463303893,2.461327
488234,2013-01-14,3,119141,11.0,0.0,2,3,2,8,9,1042,0,94.27,2785,-1,-1,-1,14,0,3,1,1,2013,0,0,20.0,16.0,0.0,0.0,14.142857142857142,0.0,4.2983939414844805,15.04326
491165,2013-01-14,5,954553,2.0,0.0,4,4,2,4,5,2108,1,94.27,1457,-1,-1,-1,14,0,3,1,1,2013,0,0,1.0,1.0,0.0,0.0,1.4285714285714286,0.0,1.1338934190276817,2.0923212
489884,2013-01-14,4,658608,1.0,0.0,2,3,2,9,4,3004,0,94.27,1321,-1,-1,-1,14,0,3,1,1,2013,0,0,4.0,12.0,0.0,0.0,4.571428571428571,0.0,3.7796447300922718,3.9650156
499144,2013-01-14,15,414620,6.0,0.0,0,2,1,15,9,1016,0,94.27,1368,-1,-1,-1,14,0,3,1,1,2013,0,0,13.0,4.0,0.0,0.0,7.857142857142857,0.0,4.140393356054125,7.8384757
492108,2013-01-14,6,864508,8.0,0.0,2,3,2,13,9,1048,0,94.27,1545,-1,-1,-1,14,0,3,1,1,2013,0,0,14.0,15.0,0.0,0.0,9.0,0.0,4.795831523312719,8.1397085
488233,2013-01-14,3,119026,34.0,0.0,2,3,2,8,4,3026,0,94.27,2785,-1,-1,-1,14,0,3,1,1,2013,0,0,16.0,15.0,0.0,0.0,20.428571428571427,0.0,8.734169352933018,21.809694
495002,2013-01-14,9,573832,8.0,0.0,2,3,0,6,9,1016,0,94.27,2009,-1,-1,-1,14,0,3,1,1,2013,0,0,8.0,17.0,0.0,0.0,11.857142857142858,0.0,7.312741652498771,14.82731
499145,2013-01-14,15,414621,7.0,0.0,0,2,1,15,9,1016,0,94.27,1368,-1,-1,-1,14,0,3,1,1,2013,0,0,1.0,5.0,0.0,0.0,4.0,0.0,2.3094010767585034,3.597706
489885,2013-01-14,4,658609,2.0,0.0,2,3,2,9,4,3004,0,94.27,1321,-1,-1,-1,14,0,3,1,1,2013,0,0,7.0,3.0,0.0,0.0,3.0,0.0,2.2360679774997894,3.7743187
488232,2013-01-14,3,119024,114.0,0.0,2,3,2,8,4,3026,0,94.27,2785,-1,-1,-1,14,0,3,1,1,2013,0,0,14.0,25.0,0.0,0.0,19.571428571428573,0.0,7.678045386189149,23.384861
497345,2013-01-14,12,699689,4.195,0.0,1,1,1,15,14,2302,1,94.27,1147,-1,-1,-1,14,0,3,1,1,2013,0,0,6.205,7.236,0.0,0.0,3.882714285714286,0.0,2.3913426294507776,3.9230263
499146,2013-01-14,15,414750,27.0,0.0,0,2,1,15,9,1072,0,94.27,1368,-1,-1,-1,14,0,3,1,1,2013,0,0,19.0,19.0,0.0,0.0,15.571428571428571,0.0,4.314979445958881,15.379288
488225,2013-01-14,3,115892,29.0,0.0,2,3,2,8,9,1016,0,94.27,2785,-1,-1,-1,14,0,3,1,1,2013,0,0,67.0,32.0,0.0,0.0,29.571428571428573,0.0,18.054151349547862,37.939083
499154,2013-01-14,15,422452,2.0,0.0,0,2,1,15,9,1032,0,94.27,1368,-1,-1,-1,14,0,3,1,1,2013,0,0,2.0,3.0,0.0,0.0,1.8571428571428572,0.0,0.8997354108424372,1.9802411
494997,2013-01-14,9,567787,1.0,0.0,2,3,0,6,9,1078,0,94.27,2009,-1,-1,-1,14,0,3,1,1,2013,0,0,1.0,2.0,0.0,0.0,2.2857142857142856,0.0,0.9511897312113419,2.3675115
488218,2013-01-14,3,115267,12.0,0.0,2,3,2,8,4,3034,0,94.27,2785,-1,-1,-1,14,0,3,1,1,2013,0,0,12.0,17.0,0.0,0.0,8.285714285714286,0.0,5.313952882562587,8.865661
499163,2013-01-14,15,454596,2.0,0.0,0,2,1,15,9,1092,0,94.27,1368,-1,-1,-1,14,0,3,1,1,2013,0,0,1.0,3.0,0.0,0.0,1.8571428571428572,0.0,0.8997354108424389,1.9643624
492118,2013-01-14,6,870546,2.0,0.0,2,3,2,13,15,4126,0,94.27,1545,-1,-1,-1,14,0,3,1,1,2013,0,0,7.0,4.0,0.0,0.0,3.857142857142857,0.0,2.7945525240230875,4.031425
488217,2013-01-14,3,114800,8.0,0.0,2,3,2,8,15,4126,0,94.27,2785,-1,-1,-1,14,0,3,1,1,2013,0,0,18.0,13.0,0.0,0.0,13.571428571428571,0.0,4.540820148282426,37.01122
499164,2013-01-14,15,456870,3.0,0.0,0,2,1,15,9,1010,0,94.27,1368,-1,-1,-1,14,0,3,1,1,2013,0,0,1.0,0.0,0.0,0.0,0.0,0.0,0.0,1.792881
489890,2013-01-14,4,671039,3.0,0.0,2,3,2,9,2,1122,0,94.27,1321,-1,-1,-1,14,0,3,1,1,2013,0,0,9.0,11.0,0.0,0.0,7.714285714285714,0.0,3.4982989063393704,6.7309437
494992,2013-01-14,9,567623,7.0,0.0,2,3,0,6,9,1040,0,94.27,2009,-1,-1,-1,14,0,3,1,1,2013,0,0,21.0,3.0,0.0,0.0,10.285714285714286,0.0,6.5755680544037585,10.115586
488216,2013-01-14,3,114799,1.0,0.0,2,3,2,8,15,4126,0,94.27,2785,-1,-1,-1,14,0,3,1,1,2013,0,0,7.0,8.0,0.0,0.0,4.142857142857143,0.0,2.3401261667248785,5.28021
499165,2013-01-14,15,456875,1.0,0.0,0,2,1,15,4,3015,0,94.27,1368,-1,-1,-1,14,0,3,1,1,2013,0,0,2.0,1.0,0.0,0.0,1.8571428571428572,0.0,0.8997354108424372,2.1435237
491160,2013-01-14,5,949629,4.0,0.0,4,4,2,4,4,3034,0,94.27,1457,-1,-1,-1,14,0,3,1,1,2013,0,0,6.0,2.0,0.0,0.0,3.4285714285714284,0.0,1.8126539343499317,3.8919175
499166,2013-01-14,15,457471,24.0,0.0,0,2,1,15,6,2644,1,94.27,1368,-1,-1,-1,14,0,3,1,1,2013,0,0,23.0,23.0,0.0,0.0,14.714285714285714,0.0,6.2640318675829905,14.211296
488215,2013-01-14,3,114790,16.0,0.0,2,3,2,8,9,1004,0,94.27,2785,-1,-1,-1,14,0,3,1,1,2013,0,0,28.0,28.0,0.0,0.0,18.714285714285715,0.0,6.921326600064608,17.789892
497339,2013-01-14,12,686036,3.0,0.0,1,1,1,15,4,3026,0,94.27,1147,-1,-1,-1,14,0,3,1,1,2013,0,0,6.0,7.0,0.0,0.0,3.5714285714285716,0.0,2.2253945610567474,3.3974264
492119,2013-01-14,6,870938,3.0,0.0,2,3,2,13,5,2124,1,94.27,1545,-1,-1,-1,14,0,3,1,1,2013,0,0,8.0,4.0,0.0,0.0,4.428571428571429,0.0,1.902379462422684,7.205892
495996,2013-01-14,10,956012,7.0,0.0,2,3,1,15,9,1088,0,94.27,1000,-1,-1,-1,14,0,3,1,1,2013,0,0,9.0,7.0,0.0,0.0,5.428571428571429,0.0,2.370453040886408,5.2179103
497338,2013-01-14,12,686035,1.0,0.0,1,1,1,15,2,1122,0,94.27,1147,-1,-1,-1,14,0,3,1,1,2013,0,0,4.0,5.0,0.0,0.0,3.4285714285714284,0.0,1.902379462422684,3.1322544
499167,2013-01-14,15,457556,6.0,0.0,0,2,1,15,9,1004,0,94.27,1368,-1,-1,-1,14,0,3,1,1,2013,0,0,4.0,9.0,0.0,0.0,4.142857142857143,0.0,2.4784787961282104,3.664795
488214,2013-01-14,3,114778,14.0,0.0,2,3,2,8,9,1016,0,94.27,2785,-1,-1,-1,14,0,3,1,1,2013,0,0,29.0,5.0,0.0,0.0,18.285714285714285,0.0,8.199883855158886,15.484164
494991,2013-01-14,9,567588,6.0,0.0,2,3,0,6,9,1062,0,94.27,2009,-1,-1,-1,14,0,3,1,1,2013,0,0,9.0,2.0,0.0,0.0,5.142857142857143,0.0,3.4364987719368982,4.7234726
499168,2013-01-14,15,457727,1.0,0.0,0,2,1,15,5,2112,1,94.27,1368,-1,-1,-1,14,0,3,1,1,2013,0,0,1.0,5.0,0.0,0.0,1.7142857142857142,0.0,1.4960264830861913,2.2984326
492120,2013-01-14,6,871118,9.158,0.0,2,3,2,13,6,2662,1,94.27,1545,-1,-1,-1,14,0,3,1,1,2013,0,0,16.863,11.319,0.0,0.0,9.334714285714286,0.0,4.489540240540068,8.577364
488213,2013-01-14,3,112830,7.0,0.0,2,3,2,8,9,1044,0,94.27,2785,-1,-1,-1,14,0,3,1,1,2013,0,0,12.0,13.0,0.0,0.0,7.714285714285714,0.0,3.8172540616821102,7.689861
489891,2013-01-14,4,671051,1.0,0.0,2,3,2,9,6,2630,1,94.27,1321,-1,-1,-1,14,0,3,1,1,2013,0,0,4.0,1.0,0.0,0.0,2.2857142857142856,0.0,1.1126972805283737,2.585672
499169,2013-01-14,15,457928,6.932,0.0,0,2,1,15,16,2416,1,94.27,1368,-1,-1,-1,14,0,3,1,1,2013,0,0,12.45,3.121,0.0,0.0,7.372428571428571,0.0,3.027990194674946,7.038652
494990,2013-01-14,9,567579,1.0,0.0,2,3,0,6,9,1028,0,94.27,2009,-1,-1,-1,14,0,3,1,1,2013,0,0,2.0,3.0,0.0,0.0,3.2857142857142856,0.0,2.2886885410853175,2.4664042
492117,2013-01-14,6,870545,10.0,0.0,2,3,2,13,15,4126,0,94.27,1545,-1,-1,-1,14,0,3,1,1,2013,0,0,15.0,10.0,0.0,0.0,7.285714285714286,0.0,4.46147530585589,6.979565
494993,2013-01-14,9,567750,10.0,0.0,2,3,0,6,9,1056,0,94.27,2009,-1,-1,-1,14,0,3,1,1,2013,0,0,22.0,11.0,0.0,0.0,11.142857142857142,0.0,6.986381310057716,11.217784
497340,2013-01-14,12,692531,10.0,0.0,1,1,1,15,9,1040,0,94.27,1147,-1,-1,-1,14,0,3,1,1,2013,0,0,8.0,1.0,0.0,0.0,3.5714285714285716,0.0,3.04724700110022,6.303119
499162,2013-01-14,15,454416,1.0,0.0,0,2,1,15,9,1034,0,94.27,1368,-1,-1,-1,14,0,3,1,1,2013,0,0,4.0,2.0,0.0,0.0,2.857142857142857,0.0,0.8997354108424375,2.578141
499155,2013-01-14,15,426155,6.0,0.0,0,2,1,15,17,2962,1,94.27,1368,-1,-1,-1,14,0,3,1,1,2013,0,0,1.0,2.0,0.0,0.0,2.5714285714285716,0.0,0.9759000729485333,3.799435
492114,2013-01-14,6,867850,4.0,0.0,2,3,2,13,4,3034,0,94.27,1545,-1,-1,-1,14,0,3,1,1,2013,0,0,3.0,4.0,0.0,0.0,2.7142857142857144,0.0,1.1126972805283737,2.9333115
488224,2013-01-14,3,115891,8.0,0.0,2,3,2,8,9,1016,0,94.27,2785,-1,-1,-1,14,0,3,1,1,2013,0,0,13.0,15.0,0.0,0.0,9.142857142857142,0.0,5.398412465054625,12.026068
489888,2013-01-14,4,664543,2.0,0.0,2,3,2,9,15,4126,0,94.27,1321,-1,-1,-1,14,0,3,1,1,2013,0,0,4.0,7.0,0.0,0.0,6.714285714285714,0.0,1.799470821684872,4.304304
499156,2013-01-14,15,428054,3.0,0.0,0,2,1,15,9,1032,0,94.27,1368,-1,-1,-1,14,0,3,1,1,2013,0,0,1.0,3.0,0.0,0.0,2.142857142857143,0.0,1.2149857925879117,1.8475686
497342,2013-01-14,12,698642,3.0,0.0,1,1,1,15,9,1045,0,94.27,1147,-1,-1,-1,14,0,3,1,1,2013,0,0,5.0,5.0,0.0,0.0,5.285714285714286,0.0,0.9511897312113421,4.1648793
491162,2013-01-14,5,953428,2.0,0.0,4,4,2,4,5,2112,1,94.27,1457,-1,-1,-1,14,0,3,1,1,2013,0,0,1.0,3.0,0.0,0.0,3.142857142857143,0.0,1.7728105208558367,2.558953
499157,2013-01-14,15,428488,3.0,0.0,0,2,1,15,4,3030,0,94.27,1368,-1,-1,-1,14,0,3,1,1,2013,0,0,2.0,1.0,0.0,0.0,2.7142857142857144,0.0,1.2535663410560174,2.6183598
488223,2013-01-14,3,115850,6.0,0.0,2,3,2,8,9,1004,0,94.27,2785,-1,-1,-1,14,0,3,1,1,2013,0,0,6.0,3.0,0.0,0.0,4.0,0.0,2.3804761428476158,4.469834
494996,2013-01-14,9,567781,4.0,0.0,2,3,0,6,6,2636,1,94.27,2009,-1,-1,-1,14,0,3,1,1,2013,0,0,4.0,2.0,0.0,0.0,3.0,0.0,1.914854215512676,2.6350617
499158,2013-01-14,15,452022,1.0,0.0,0,2,1,15,9,1030,0,94.27,1368,-1,-1,-1,14,0,3,1,1,2013,0,0,3.0,1.0,0.0,0.0,1.7142857142857142,0.0,0.9511897312113418,2.1973352
488222,2013-01-14,3,115847,79.0,0.0,2,3,2,8,12,7034,0,94.27,2785,-1,-1,-1,14,0,3,1,1,2013,0,0,2.0,2.0,0.0,0.0,4.285714285714286,0.0,2.9277002188456107,7.955085
488238,2013-01-14,3,122095,4.0,0.0,2,3,2,8,5,2124,1,94.27,2785,-1,-1,-1,14,0,3,1,1,2013,0,0,8.0,14.0,0.0,0.0,8.142857142857142,0.0,3.2877840272018792,10.081582
492115,2013-01-14,6,868529,14.0,0.0,2,3,2,13,9,1088,0,94.27,1545,-1,-1,-1,14,0,3,1,1,2013,0,0,35.0,16.0,0.0,0.0,24.285714285714285,0.0,10.209705932988237,19.497734
494995,2013-01-14,9,567779,3.0,0.0,2,3,0,6,6,2632,1,94.27,2009,-1,-1,-1,14,0,3,1,1,2013,0,0,20.0,8.0,0.0,0.0,10.0,0.0,5.507570547286101,10.400562
497341,2013-01-14,12,692537,3.0,0.0,1,1,1,15,9,1040,0,94.27,1147,-1,-1,-1,14,0,3,1,1,2013,0,0,4.0,1.0,0.0,0.0,2.2857142857142856,0.0,1.1126972805283737,2.7530258
488221,2013-01-14,3,115720,6.0,0.0,2,3,2,8,9,1084,0,94.27,2785,-1,-1,-1,14,0,3,1,1,2013,0,0,10.0,5.0,0.0,0.0,5.142857142857143,0.0,3.1320159337914943,5.8837304
499160,2013-01-14,15,454413,1.0,0.0,0,2,1,15,9,1034,0,94.27,1368,-1,-1,-1,14,0,3,1,1,2013,0,0,1.0,0.0,0.0,0.0,0.0,0.0,0.0,1.745683
491161,2013-01-14,5,953413,1.0,0.0,4,4,2,4,4,3046,0,94.27,1457,-1,-1,-1,14,0,3,1,1,2013,0,0,4.0,2.0,0.0,0.0,2.0,0.0,1.1547005383792515,2.888787
492116,2013-01-14,6,870544,14.0,0.0,2,3,2,13,15,4126,0,94.27,1545,-1,-1,-1,14,0,3,1,1,2013,0,0,16.0,40.0,0.0,0.0,18.714285714285715,0.0,9.793097666456815,18.117998
488220,2013-01-14,3,115693,8.0,0.0,2,3,2,8,9,1040,0,94.27,2785,-1,-1,-1,14,0,3,1,1,2013,0,0,9.0,11.0,0.0,0.0,7.714285714285714,0.0,2.927700218845599,7.6386375
499161,2013-01-14,15,454414,4.0,0.0,0,2,1,15,9,1034,0,94.27,1368,-1,-1,-1,14,0,3,1,1,2013,0,0,1.0,7.0,0.0,0.0,4.142857142857143,0.0,3.9761191895520196,3.106387
494994,2013-01-14,9,567778,5.0,0.0,2,3,0,6,6,2630,1,94.27,2009,-1,-1,-1,14,0,3,1,1,2013,0,0,11.0,9.0,0.0,0.0,6.428571428571429,0.0,3.779644730092272,5.8374667
489889,2013-01-14,4,664545,1.0,0.0,2,3,2,9,15,4126,0,94.27,1321,-1,-1,-1,14,0,3,1,1,2013,0,0,8.0,2.0,0.0,0.0,3.4285714285714284,0.0,2.5727509827123995,6.05825
488219,2013-01-14,3,115611,49.0,0.0,2,3,2,8,9,1014,0,94.27,2785,-1,-1,-1,14,0,3,1,1,2013,0,0,46.0,53.0,0.0,0.0,38.857142857142854,0.0,9.546876826630651,43.217983
495995,2013-01-14,10,953609,5.0,0.0,2,3,1,15,4,3046,0,94.27,1000,-1,-1,-1,14,0,3,1,1,2013,0,0,1.0,2.0,0.0,0.0,2.142857142857143,0.0,1.3451854182690985,1.8109815
499159,2013-01-14,15,452078,1.0,0.0,0,2,1,15,4,3008,0,94.27,1368,-1,-1,-1,14,0,3,1,1,2013,0,0,8.0,3.0,0.0,0.0,3.7142857142857144,0.0,2.288688541085317,4.0472865
495036,2013-01-14,9,621300,19.0,0.0,2,3,0,6,9,1040,0,94.27,2009,-1,-1,-1,14,0,3,1,1,2013,0,0,50.0,19.0,0.0,0.0,20.142857142857142,0.0,14.915635771772864,22.525068
499081,2013-01-14,15,329070,2.0,0.0,0,2,1,15,9,1032,0,94.27,1368,-1,-1,-1,14,0,3,1,1,2013,0,0,1.0,0.0,0.0,0.0,0.0,0.0,0.0,1.8371975
488292,2013-01-14,3,173113,3.0,0.0,2,3,2,8,5,2114,1,94.27,2785,-1,-1,-1,14,0,3,1,1,2013,0,0,2.0,7.0,0.0,0.0,3.5714285714285716,0.0,1.8126539343499315,3.4975872
492031,2013-01-14,6,827911,4.0,0.0,2,3,2,13,9,1096,0,94.27,1545,-1,-1,-1,14,0,3,1,1,2013,0,0,2.0,4.0,0.0,0.0,5.714285714285714,0.0,4.4986770542121866,4.660829
488364,2013-01-14,3,258395,3.0,0.0,2,3,2,8,9,1002,0,94.27,2785,-1,-1,-1,14,0,3,1,1,2013,0,0,3.0,5.0,0.0,0.0,3.5714285714285716,0.0,1.9880595947760111,3.0201054
491189,2013-01-14,5,996537,1.0,0.0,4,4,2,4,9,1088,0,94.27,1457,-1,-1,-1,14,0,3,1,1,2013,0,0,4.0,6.0,0.0,0.0,4.714285714285714,0.0,2.690370836538197,3.9760897
497391,2013-01-14,12,804503,1.0,0.0,1,1,1,15,9,1004,0,94.27,1147,-1,-1,-1,14,0,3,1,1,2013,0,0,2.0,1.0,0.0,0.0,2.0,0.0,1.1547005383792515,2.2971559
495080,2013-01-14,9,673415,4.0,0.0,2,3,0,6,6,2632,1,94.27,2009,-1,-1,-1,14,0,3,1,1,2013,0,0,13.0,5.0,0.0,0.0,6.142857142857143,0.0,3.236694374850747,5.5677023
488363,2013-01-14,3,258376,6.0,0.0,2,3,2,8,4,3044,0,94.27,2785,-1,-1,-1,14,0,3,1,1,2013,0,0,15.0,7.0,0.0,0.0,7.142857142857143,0.0,4.525062483125562,7.7376356
499001,2013-01-14,15,223068,5.0,0.0,0,2,1,15,9,1030,0,94.27,1368,-1,-1,-1,14,0,3,1,1,2013,0,0,1.0,2.0,0.0,0.0,2.4285714285714284,0.0,1.2724180205607036,2.213453
499002,2013-01-14,15,223136,5.0,0.0,0,2,1,15,9,1072,0,94.27,1368,-1,-1,-1,14,0,3,1,1,2013,0,0,12.0,18.0,0.0,0.0,12.285714285714286,0.0,4.461475305855891,10.467209
489839,2013-01-14,4,583799,2.9,0.0,2,3,2,9,14,2302,1,94.27,1321,-1,-1,-1,14,0,3,1,1,2013,0,0,16.235,0.656,0.0,0.0,6.808857142857144,0.0,5.01893107572291,6.750641
492032,2013-01-14,6,828204,21.0,0.0,2,3,2,13,9,1060,0,94.27,1545,-1,-1,-1,14,0,3,1,1,2013,0,0,16.0,17.0,0.0,0.0,13.428571428571429,0.0,6.241184258807054,10.874303
488362,2013-01-14,3,258268,6.0,0.0,2,3,2,8,7,2502,1,94.27,2785,-1,-1,-1,14,0,3,1,1,2013,0,0,10.0,4.0,0.0,0.0,6.571428571428571,0.0,3.408672412985386,6.141228
499003,2013-01-14,15,223434,4.0,0.0,0,2,1,15,9,1032,0,94.27,1368,-1,-1,-1,14,0,3,1,1,2013,0,0,1.0,13.0,0.0,0.0,6.571428571428571,0.0,4.577377082170635,5.4077163
499004,2013-01-14,15,223463,2.0,0.0,0,2,1,15,9,1026,0,94.27,1368,-1,-1,-1,14,0,3,1,1,2013,0,0,1.0,2.0,0.0,0.0,1.5714285714285714,0.0,0.5345224838248487,1.9579328
488361,2013-01-14,3,257848,20.0,0.0,2,3,2,8,2,1120,0,94.27,2785,-1,-1,-1,14,0,3,1,1,2013,0,0,24.0,11.0,0.0,0.0,15.571428571428571,0.0,7.276838664721168,14.362963
497390,2013-01-14,12,804098,6.0,0.0,1,1,1,15,18,2854,1,94.27,1147,-1,-1,-1,14,0,3,1,1,2013,0,0,1.0,2.0,0.0,0.0,3.4285714285714284,0.0,3.644957377763735,4.3990436
495079,2013-01-14,9,671908,1.0,0.0,2,3,0,6,6,2636,1,94.27,2009,-1,-1,-1,14,0,3,1,1,2013,0,0,2.0,8.0,0.0,0.0,3.4285714285714284,0.0,2.5071326821120348,2.7975872
492033,2013-01-14,6,828630,20.0,0.0,2,3,2,13,6,2636,1,94.27,1545,-1,-1,-1,14,0,3,1,1,2013,0,0,22.0,2.0,0.0,0.0,10.142857142857142,0.0,6.517376042257377,10.731988
499005,2013-01-14,15,226126,7.0,0.0,0,2,1,15,4,3018,0,94.27,1368,-1,-1,-1,14,0,3,1,1,2013,0,0,6.0,8.0,0.0,0.0,4.714285714285714,0.0,3.8172540616821107,4.3546176
488360,2013-01-14,3,257847,70.0,0.0,2,3,2,8,2,1120,0,94.27,2785,-1,-1,-1,14,0,3,1,1,2013,0,0,48.0,44.0,0.0,0.0,58.714285714285715,0.0,25.571561585182106,44.73992
495969,2013-01-14,10,911429,6.0,0.0,2,3,1,15,9,1016,0,94.27,1000,-1,-1,-1,14,0,3,1,1,2013,0,0,8.0,10.0,0.0,0.0,5.571428571428571,0.0,4.790864322059325,11.150625
495078,2013-01-14,9,671084,4.0,0.0,2,3,0,6,6,2644,1,94.27,2009,-1,-1,-1,14,0,3,1,1,2013,0,0,11.0,7.0,0.0,0.0,6.857142857142857,0.0,2.2677868380553634,5.8348966
488359,2013-01-14,3,255202,7.0,0.0,2,3,2,8,9,1045,0,94.27,2785,-1,-1,-1,14,0,3,1,1,2013,0,0,3.0,9.0,0.0,0.0,5.285714285714286,0.0,3.093772546815406,5.1557336
492034,2013-01-14,6,828632,6.0,0.0,2,3,2,13,6,2644,1,94.27,1545,-1,-1,-1,14,0,3,1,1,2013,0,0,2.0,1.0,0.0,0.0,4.285714285714286,0.0,2.8702082220799303,3.3265254
499006,2013-01-14,15,227728,4.0,0.0,0,2,1,15,5,2104,1,94.27,1368,-1,-1,-1,14,0,3,1,1,2013,0,0,6.0,9.0,0.0,0.0,7.0,0.0,2.380476142847617,5.695107
489840,2013-01-14,4,583868,5.814,0.0,2,3,2,9,14,2302,1,94.27,1321,-1,-1,-1,14,0,3,1,1,2013,0,0,10.663,4.065,0.0,0.0,6.341571428571429,0.0,2.2906109706904885,5.9147263
499000,2013-01-14,15,222975,7.0,0.0,0,2,1,15,9,1072,0,94.27,1368,-1,-1,-1,14,0,3,1,1,2013,0,0,2.0,4.0,0.0,0.0,3.7142857142857144,0.0,3.8172540616821222,3.5575373
499007,2013-01-14,15,229368,2.0,0.0,0,2,1,15,9,1086,0,94.27,1368,-1,-1,-1,14,0,3,1,1,2013,0,0,2.0,0.0,0.0,0.0,0.0,0.0,0.0,2.1155508
495081,2013-01-14,9,675524,5.0,0.0,2,3,0,6,17,2956,1,94.27,2009,-1,-1,-1,14,0,3,1,1,2013,0,0,4.0,0.0,0.0,0.0,0.0,0.0,0.0,3.5999205
495082,2013-01-14,9,679442,2.0,0.0,2,3,0,6,2,1120,0,94.27,2009,-1,-1,-1,14,0,3,1,1,2013,0,0,10.0,3.0,0.0,0.0,4.285714285714286,0.0,3.450327796711771,5.117965
488371,2013-01-14,3,261053,14.0,0.0,2,3,2,8,9,1072,0,94.27,2785,-1,-1,-1,14,0,3,1,1,2013,0,0,57.0,41.0,0.0,0.0,42.57142857142857,0.0,9.589180410878761,40.06724
495085,2013-01-14,9,679604,1.0,0.0,2,3,0,6,3,2712,1,94.27,2009,-1,-1,-1,14,0,3,1,1,2013,0,0,1.0,3.0,0.0,0.0,2.0,0.0,0.9999999999999999,1.9719056
498993,2013-01-14,15,219150,3.0,0.0,0,2,1,15,2,1122,0,94.27,1368,-1,-1,-1,14,0,3,1,1,2013,0,0,14.0,25.0,0.0,0.0,14.285714285714286,0.0,5.4685246552211755,13.407127
492028,2013-01-14,6,819934,14.0,0.0,2,3,2,13,2,1122,0,94.27,1545,-1,-1,-1,14,0,3,1,1,2013,0,0,28.0,0.0,0.0,0.0,0.0,0.0,0.0,20.713816
488370,2013-01-14,3,261052,31.0,0.0,2,3,2,8,9,1072,0,94.27,2785,-1,-1,-1,14,0,3,1,1,2013,0,0,77.0,62.0,0.0,0.0,48.857142857142854,0.0,17.16030857753412,48.487698
495968,2013-01-14,10,907686,4.0,0.0,2,3,1,15,2,1120,0,94.27,1000,-1,-1,-1,14,0,3,1,1,2013,0,0,1.0,0.0,0.0,0.0,0.0,0.0,0.0,2.217224
498994,2013-01-14,15,219152,1.0,0.0,0,2,1,15,2,1122,0,94.27,1368,-1,-1,-1,14,0,3,1,1,2013,0,0,1.0,1.0,0.0,0.0,1.2857142857142858,0.0,0.4879500364742694,3.2622812
495084,2013-01-14,9,679603,2.0,0.0,2,3,0,6,3,2712,1,94.27,2009,-1,-1,-1,14,0,3,1,1,2013,0,0,1.0,3.0,0.0,0.0,2.4285714285714284,0.0,1.3972762620115438,2.2366905
498995,2013-01-14,15,220432,10.0,0.0,0,2,1,15,9,1080,0,94.27,1368,-1,-1,-1,14,0,3,1,1,2013,0,0,5.0,8.0,0.0,0.0,8.428571428571429,0.0,2.7602622373694174,7.8617983
488369,2013-01-14,3,260893,28.0,0.0,2,3,2,8,9,1072,0,94.27,2785,-1,-1,-1,14,0,3,1,1,2013,0,0,17.0,36.0,0.0,0.0,20.428571428571427,0.0,10.047506205640328,21.854525
497393,2013-01-14,12,804974,3.0,0.0,1,1,1,15,9,1060,0,94.27,1147,-1,-1,-1,14,0,3,1,1,2013,0,0,5.0,4.0,0.0,0.0,5.142857142857143,0.0,1.9518001458970664,3.778956
495083,2013-01-14,9,679602,7.0,0.0,2,3,0,6,3,2712,1,94.27,2009,-1,-1,-1,14,0,3,1,1,2013,0,0,2.0,2.0,0.0,0.0,3.0,0.0,2.7688746209726913,2.4442503
488368,2013-01-14,3,260669,5.0,0.0,2,3,2,8,9,1034,0,94.27,2785,-1,-1,-1,14,0,3,1,1,2013,0,0,17.0,5.0,0.0,0.0,9.285714285714286,0.0,5.313952882562587,8.9827175
492029,2013-01-14,6,821186,6.0,0.0,2,3,2,13,2,1124,0,94.27,1545,-1,-1,-1,14,0,3,1,1,2013,0,0,9.0,2.0,0.0,0.0,5.428571428571429,0.0,4.07664661444276,8.242725
498996,2013-01-14,15,220435,15.0,0.0,0,2,1,15,9,1080,0,94.27,1368,-1,-1,-1,14,0,3,1,1,2013,0,0,14.0,34.0,0.0,0.0,17.142857142857142,0.0,8.764104278791061,16.160805
491190,2013-01-14,5,996606,2.289,0.0,4,4,2,4,14,2372,1,94.27,1457,-1,-1,-1,14,0,3,1,1,2013,0,0,2.378,1.339,0.0,0.0,1.947285714285714,0.0,0.7504824480038855,2.1352668
489837,2013-01-14,4,583795,3.355,0.0,2,3,2,9,14,2302,1,94.27,1321,-1,-1,-1,14,0,3,1,1,2013,0,0,11.138,4.49,0.0,0.0,5.976,0.0,4.330622434092663,5.9950924
498997,2013-01-14,15,220613,3.0,0.0,0,2,1,15,6,2632,1,94.27,1368,-1,-1,-1,14,0,3,1,1,2013,0,0,2.0,2.0,0.0,0.0,2.4285714285714284,0.0,0.9759000729485332,2.4891732
488367,2013-01-14,3,258537,2.0,0.0,2,3,2,8,4,3038,0,94.27,2785,-1,-1,-1,14,0,3,1,1,2013,0,0,1.0,10.0,0.0,0.0,4.857142857142857,0.0,3.1320159337914952,4.9326553
497392,2013-01-14,12,804932,1.0,0.0,1,1,1,15,2,1122,0,94.27,1147,-1,-1,-1,14,0,3,1,1,2013,0,0,9.0,5.0,0.0,0.0,6.571428571428571,0.0,3.6449573777637356,6.085087
498998,2013-01-14,15,221506,3.0,0.0,0,2,1,15,4,3046,0,94.27,1368,-1,-1,-1,14,0,3,1,1,2013,0,0,3.0,14.0,0.0,0.0,6.0,0.0,4.358898943540675,5.2246017
488366,2013-01-14,3,258411,18.0,0.0,2,3,2,8,8,2218,0,94.27,2785,-1,-1,-1,14,0,3,1,1,2013,0,0,25.0,23.0,0.0,0.0,16.428571428571427,0.0,5.442338432975998,15.874373
492030,2013-01-14,6,823245,7.0,0.0,2,3,2,13,3,2708,1,94.27,1545,-1,-1,-1,14,0,3,1,1,2013,0,0,10.0,11.0,0.0,0.0,6.857142857142857,0.0,3.8913824205360688,6.7156053
498999,2013-01-14,15,222879,9.0,0.0,0,2,1,15,9,1058,0,94.27,1368,-1,-1,-1,14,0,3,1,1,2013,0,0,3.0,7.0,0.0,0.0,8.857142857142858,0.0,4.140393356054127,6.5336294
488365,2013-01-14,3,258396,22.0,0.0,2,3,2,8,9,1010,0,94.27,2785,-1,-1,-1,14,0,3,1,1,2013,0,0,34.0,23.0,0.0,0.0,29.428571428571427,0.0,6.729466121893642,25.91682
489838,2013-01-14,4,583797,18.331,0.0,2,3,2,9,14,2302,1,94.27,1321,-1,-1,-1,14,0,3,1,1,2013,0,0,34.112,18.864,0.0,0.0,22.295285714285715,0.0,8.661718723099664,18.665602
489836,2013-01-14,4,582865,25.908,0.0,2,3,2,9,14,2302,1,94.27,1321,-1,-1,-1,14,0,3,1,1,2013,0,0,50.249,46.208,0.0,0.0,37.037,0.0,8.411037946254513,44.680466
488358,2013-01-14,3,255161,2.0,0.0,2,3,2,8,9,1034,0,94.27,2785,-1,-1,-1,14,0,3,1,1,2013,0,0,8.0,3.0,0.0,0.0,3.5714285714285716,0.0,2.819996622760558,6.931389
488357,2013-01-14,3,253145,1.0,0.0,2,3,2,8,9,1096,0,94.27,2785,-1,-1,-1,14,0,3,1,1,2013,0,0,3.0,2.0,0.0,0.0,2.2857142857142856,0.0,0.7559289460184543,2.8940415
488350,2013-01-14,3,227111,23.0,0.0,2,3,2,8,7,2502,1,94.27,2785,-1,-1,-1,14,0,3,1,1,2013,0,0,27.0,18.0,0.0,0.0,20.428571428571427,0.0,4.720774754816658,18.992693
492040,2013-01-14,6,830797,1.0,0.0,2,3,2,13,9,1074,0,94.27,1545,-1,-1,-1,14,0,3,1,1,2013,0,0,2.0,4.0,0.0,0.0,2.5714285714285716,0.0,1.7182493859684491,2.5035987
499016,2013-01-14,15,258396,6.0,0.0,0,2,1,15,9,1010,0,94.27,1368,-1,-1,-1,14,0,3,1,1,2013,0,0,8.0,5.0,0.0,0.0,6.428571428571429,0.0,2.5071326821120348,6.3177156
495971,2013-01-14,10,915351,2.0,0.0,2,3,1,15,5,2128,1,94.27,1000,-1,-1,-1,14,0,3,1,1,2013,0,0,3.0,3.0,0.0,0.0,3.142857142857143,0.0,1.0690449676496976,2.4057968
497387,2013-01-14,12,801217,14.0,0.0,1,1,1,15,4,3034,0,94.27,1147,-1,-1,-1,14,0,3,1,1,2013,0,0,8.0,4.0,0.0,0.0,7.428571428571429,0.0,1.9023794624226849,7.9774475
495073,2013-01-14,9,671062,6.0,0.0,2,3,0,6,6,2636,1,94.27,2009,-1,-1,-1,14,0,3,1,1,2013,0,0,14.0,4.0,0.0,0.0,8.0,0.0,4.163331998932266,6.489504
488349,2013-01-14,3,226857,7.0,0.0,2,3,2,8,9,1035,0,94.27,2785,-1,-1,-1,14,0,3,1,1,2013,0,0,15.0,60.0,0.0,0.0,22.428571428571427,0.0,17.309507434327745,24.555351
499017,2013-01-14,15,260628,29.0,0.0,0,2,1,15,3,2708,1,94.27,1368,-1,-1,-1,14,0,3,1,1,2013,0,0,12.0,24.0,0.0,0.0,14.857142857142858,0.0,5.785861256216786,13.86933
489844,2013-01-14,4,583973,2.692,0.0,2,3,2,9,14,2302,1,94.27,1321,-1,-1,-1,14,0,3,1,1,2013,0,0,3.283,2.268,0.0,0.0,2.6644285714285716,0.0,1.0966365026970513,3.008848
491187,2013-01-14,5,991114,8.0,0.0,4,4,2,4,6,2636,1,94.27,1457,-1,-1,-1,14,0,3,1,1,2013,0,0,13.0,3.0,0.0,0.0,5.428571428571429,0.0,3.9520940802374147,5.547906
488348,2013-01-14,3,226126,1.0,0.0,2,3,2,8,4,3018,0,94.27,2785,-1,-1,-1,14,0,3,1,1,2013,0,0,10.0,3.0,0.0,0.0,7.142857142857143,0.0,4.059087394500207,6.3677464
499018,2013-01-14,15,260669,1.0,0.0,0,2,1,15,9,1034,0,94.27,1368,-1,-1,-1,14,0,3,1,1,2013,0,0,1.0,2.0,0.0,0.0,2.0,0.0,1.1547005383792517,2.0834095
489845,2013-01-14,4,583985,16.165,0.0,2,3,2,9,14,2302,1,94.27,1321,-1,-1,-1,14,0,3,1,1,2013,0,0,56.613,0.0,0.0,0.0,0.0,0.0,0.0,83.539635
497386,2013-01-14,12,800958,5.0,0.0,1,1,1,15,4,3022,0,94.27,1147,-1,-1,-1,14,0,3,1,1,2013,0,0,3.0,8.0,0.0,0.0,5.0,0.0,3.1622776601683813,3.8666968
488347,2013-01-14,3,224081,7.0,0.0,2,3,2,8,4,3022,0,94.27,2785,-1,-1,-1,14,0,3,1,1,2013,0,0,6.0,16.0,0.0,0.0,7.857142857142857,0.0,3.760699023168053,7.2993593
499019,2013-01-14,15,261052,20.0,0.0,0,2,1,15,9,1072,0,94.27,1368,-1,-1,-1,14,0,3,1,1,2013,0,0,9.0,28.0,0.0,0.0,16.571428571428573,0.0,7.807200583588262,13.641886
492041,2013-01-14,6,833396,3.0,0.0,2,3,2,13,15,4126,0,94.27,1545,-1,-1,-1,14,0,3,1,1,2013,0,0,5.0,6.0,0.0,0.0,3.142857142857143,0.0,1.7728105208558365,3.0259106
495072,2013-01-14,9,671039,1.0,0.0,2,3,0,6,2,1122,0,94.27,2009,-1,-1,-1,14,0,3,1,1,2013,0,0,3.0,1.0,0.0,0.0,2.857142857142857,0.0,3.2877840272018797,3.2154744
488346,2013-01-14,3,223463,2.0,0.0,2,3,2,8,9,1026,0,94.27,2785,-1,-1,-1,14,0,3,1,1,2013,0,0,4.0,9.0,0.0,0.0,5.857142857142857,0.0,2.544836041121408,5.222676
499020,2013-01-14,15,261053,6.0,0.0,0,2,1,15,9,1072,0,94.27,1368,-1,-1,-1,14,0,3,1,1,2013,0,0,3.0,8.0,0.0,0.0,3.7142857142857144,0.0,2.429971585175823,3.599924
489846,2013-01-14,4,584026,2.725,0.0,2,3,2,9,14,2302,1,94.27,1321,-1,-1,-1,14,0,3,1,1,2013,0,0,3.866,7.545,0.0,0.0,2.9057142857142857,0.0,2.3196930626188257,3.5327454
495972,2013-01-14,10,915980,1.0,0.0,2,3,1,15,2,1122,0,94.27,1000,-1,-1,-1,14,0,3,1,1,2013,0,0,2.0,0.0,0.0,0.0,0.0,0.0,0.0,2.0521889
499021,2013-01-14,15,261700,12.0,0.0,0,2,1,15,9,1048,0,94.27,1368,-1,-1,-1,14,0,3,1,1,2013,0,0,2.0,10.0,0.0,0.0,5.857142857142857,0.0,2.9680841985233184,4.9187875
495071,2013-01-14,9,668754,2.0,0.0,2,3,0,6,4,3016,0,94.27,2009,-1,-1,-1,14,0,3,1,1,2013,0,0,6.0,1.0,0.0,0.0,2.7142857142857144,0.0,1.7043362064926937,3.1850443
488345,2013-01-14,3,223434,4.0,0.0,2,3,2,8,9,1032,0,94.27,2785,-1,-1,-1,14,0,3,1,1,2013,0,0,10.0,7.0,0.0,0.0,8.0,0.0,2.3804761428476193,6.878262
499015,2013-01-14,15,258395,1.0,0.0,0,2,1,15,9,1002,0,94.27,1368,-1,-1,-1,14,0,3,1,1,2013,0,0,2.0,2.0,0.0,0.0,3.142857142857143,0.0,1.6761634196950517,2.3342628
495077,2013-01-14,9,671083,11.0,0.0,2,3,0,6,6,2644,1,94.27,2009,-1,-1,-1,14,0,3,1,1,2013,0,0,16.0,10.0,0.0,0.0,10.857142857142858,0.0,3.7161167647860327,8.94938
488351,2013-01-14,3,227728,19.0,0.0,2,3,2,8,5,2104,1,94.27,2785,-1,-1,-1,14,0,3,1,1,2013,0,0,16.0,34.0,0.0,0.0,20.714285714285715,0.0,14.407339399466807,22.027283
489843,2013-01-14,4,583968,10.197,0.0,2,3,2,9,14,2302,1,94.27,1321,-1,-1,-1,14,0,3,1,1,2013,0,0,18.846,17.749,0.0,0.0,13.598285714285712,0.0,3.970701689218403,12.217158
499008,2013-01-14,15,246052,3.0,0.0,0,2,1,15,9,1039,0,94.27,1368,-1,-1,-1,14,0,3,1,1,2013,0,0,2.0,1.0,0.0,0.0,2.0,0.0,1.1547005383792515,2.1765914
492035,2013-01-14,6,829389,1.0,0.0,2,3,2,13,9,1025,0,94.27,1545,-1,-1,-1,14,0,3,1,1,2013,0,0,2.0,10.0,0.0,0.0,3.2857142857142856,0.0,3.0937725468153876,3.1499019
497389,2013-01-14,12,802832,5.0,0.0,1,1,1,15,9,1045,0,94.27,1147,-1,-1,-1,14,0,3,1,1,2013,0,0,2.0,3.0,0.0,0.0,2.857142857142857,0.0,3.6709931185158164,3.0927658
499009,2013-01-14,15,253145,1.0,0.0,0,2,1,15,9,1096,0,94.27,1368,-1,-1,-1,14,0,3,1,1,2013,0,0,4.0,10.0,0.0,0.0,3.4285714285714284,0.0,3.2071349029490923,3.359127
492036,2013-01-14,6,829414,1.0,0.0,2,3,2,13,4,3046,0,94.27,1545,-1,-1,-1,14,0,3,1,1,2013,0,0,1.0,1.0,0.0,0.0,1.7142857142857142,0.0,1.4960264830861913,2.3210683
499010,2013-01-14,15,255198,15.0,0.0,0,2,1,15,9,1044,0,94.27,1368,-1,-1,-1,14,0,3,1,1,2013,0,0,1.0,4.0,0.0,0.0,5.571428571428571,0.0,2.439750182371332,4.4019094
488356,2013-01-14,3,252972,17.0,0.0,2,3,2,8,4,3008,0,94.27,2785,-1,-1,-1,14,0,3,1,1,2013,0,0,24.0,19.0,0.0,0.0,20.0,0.0,5.033222956847165,18.127598
489841,2013-01-14,4,583925,2.332,0.0,2,3,2,9,14,2302,1,94.27,1321,-1,-1,-1,14,0,3,1,1,2013,0,0,13.846,7.126,0.0,0.0,8.691857142857142,0.0,3.0864053756525798,7.5263624
489842,2013-01-14,4,583927,3.7,0.0,2,3,2,9,14,2302,1,94.27,1321,-1,-1,-1,14,0,3,1,1,2013,0,0,5.35,0.0,0.0,0.0,0.0,0.0,0.0,3.5173373
495076,2013-01-14,9,671076,1.0,0.0,2,3,0,6,6,2644,1,94.27,2009,-1,-1,-1,14,0,3,1,1,2013,0,0,6.0,4.0,0.0,0.0,3.0,0.0,2.0000000000000004,2.9972913
488355,2013-01-14,3,252970,14.0,0.0,2,3,2,8,4,3008,0,94.27,2785,-1,-1,-1,14,0,3,1,1,2013,0,0,15.0,23.0,0.0,0.0,15.428571428571429,0.0,4.995235825502229,14.136699
499011,2013-01-14,15,255199,13.0,0.0,0,2,1,15,9,1044,0,94.27,1368,-1,-1,-1,14,0,3,1,1,2013,0,0,10.0,5.0,0.0,0.0,7.714285714285714,0.0,3.3523268393901033,6.6768
492037,2013-01-14,6,830624,2.0,0.0,2,3,2,13,4,3032,0,94.27,1545,-1,-1,-1,14,0,3,1,1,2013,0,0,2.0,4.0,0.0,0.0,2.4285714285714284,0.0,1.2724180205607034,2.9910495
499012,2013-01-14,15,257847,3.0,0.0,0,2,1,15,2,1120,0,94.27,1368,-1,-1,-1,14,0,3,1,1,2013,0,0,2.0,2.0,0.0,0.0,3.2857142857142856,0.0,2.5634797778466227,3.931221
488354,2013-01-14,3,252698,9.574,0.0,2,3,2,8,18,2806,1,94.27,2785,-1,-1,-1,14,0,3,1,1,2013,0,0,30.297,20.638,0.0,0.0,29.256428571428568,0.0,10.59880178537717,24.544094
491188,2013-01-14,5,991329,6.0,0.0,4,4,2,4,9,1004,0,94.27,1457,-1,-1,-1,14,0,3,1,1,2013,0,0,9.0,4.0,0.0,0.0,5.428571428571429,0.0,3.909694909544003,5.9098167
495075,2013-01-14,9,671068,5.0,0.0,2,3,0,6,6,2636,1,94.27,2009,-1,-1,-1,14,0,3,1,1,2013,0,0,4.0,5.0,0.0,0.0,7.0,0.0,2.9439202887759484,4.868033
499013,2013-01-14,15,257848,1.0,0.0,0,2,1,15,2,1120,0,94.27,1368,-1,-1,-1,14,0,3,1,1,2013,0,0,1.0,1.0,0.0,0.0,2.0,0.0,1.0,3.3729947
488353,2013-01-14,3,246052,4.0,0.0,2,3,2,8,9,1039,0,94.27,2785,-1,-1,-1,14,0,3,1,1,2013,0,0,7.0,2.0,0.0,0.0,3.7142857142857144,0.0,1.889822365046137,4.0054374
495970,2013-01-14,10,911990,8.0,0.0,2,3,1,15,4,3038,0,94.27,1000,-1,-1,-1,14,0,3,1,1,2013,0,0,12.0,15.0,0.0,0.0,11.285714285714286,0.0,2.497617912751115,8.514219
492038,2013-01-14,6,830625,2.0,0.0,2,3,2,13,4,3032,0,94.27,1545,-1,-1,-1,14,0,3,1,1,2013,0,0,1.0,2.0,0.0,0.0,2.142857142857143,0.0,0.6900655593423541,2.6109293
499014,2013-01-14,15,258376,14.0,0.0,0,2,1,15,4,3044,0,94.27,1368,-1,-1,-1,14,0,3,1,1,2013,0,0,17.0,29.0,0.0,0.0,18.857142857142858,0.0,6.91444313083301,16.667505
497388,2013-01-14,12,801934,1.0,0.0,1,1,1,15,4,3016,0,94.27,1147,-1,-1,-1,14,0,3,1,1,2013,0,0,2.0,5.0,0.0,0.0,2.5714285714285716,0.0,1.2724180205607036,2.3134768
488352,2013-01-14,3,229368,5.0,0.0,2,3,2,8,9,1086,0,94.27,2785,-1,-1,-1,14,0,3,1,1,2013,0,0,3.0,5.0,0.0,0.0,5.0,0.0,2.380476142847616,4.1155877
492039,2013-01-14,6,830749,2.0,0.0,2,3,2,13,9,1074,0,94.27,1545,-1,-1,-1,14,0,3,1,1,2013,0,0,1.0,0.0,0.0,0.0,0.0,0.0,0.0,2.033571
495074,2013-01-14,9,671067,1.0,0.0,2,3,0,6,6,2636,1,94.27,2009,-1,-1,-1,14,0,3,1,1,2013,0,0,1.0,7.0,0.0,0.0,4.857142857142857,0.0,2.6726124191242437,3.6462524
488372,2013-01-14,3,261700,5.0,0.0,2,3,2,8,9,1048,0,94.27,2785,-1,-1,-1,14,0,3,1,1,2013,0,0,7.0,15.0,0.0,0.0,6.428571428571429,0.0,4.07664661444276,6.4705224
495086,2013-01-14,9,679926,2.0,0.0,2,3,0,6,7,2502,1,94.27,2009,-1,-1,-1,14,0,3,1,1,2013,0,0,6.0,6.0,0.0,0.0,3.7142857142857144,0.0,1.7994708216848745,3.2803807
498992,2013-01-14,15,215896,12.0,0.0,0,2,1,15,9,1044,0,94.27,1368,-1,-1,-1,14,0,3,1,1,2013,0,0,5.0,5.0,0.0,0.0,5.571428571428571,0.0,2.9920529661723823,4.344919
489829,2013-01-14,4,577740,3.0,0.0,2,3,2,9,9,1032,0,94.27,1321,-1,-1,-1,14,0,3,1,1,2013,0,0,4.0,2.0,0.0,0.0,2.142857142857143,0.0,1.0690449676496976,2.6514173
495963,2013-01-14,10,902200,3.0,0.0,2,3,1,15,7,2502,1,94.27,1000,-1,-1,-1,14,0,3,1,1,2013,0,0,2.0,3.0,0.0,0.0,2.857142857142857,0.0,1.5735915849388855,2.4395087
488391,2013-01-14,3,265700,6.0,0.0,2,3,2,8,4,3090,0,94.27,2785,-1,-1,-1,14,0,3,1,1,2013,0,0,11.0,11.0,0.0,0.0,10.285714285714286,0.0,5.089672082242814,8.332526
498972,2013-01-14,15,205387,3.0,0.0,0,2,1,15,9,1034,0,94.27,1368,-1,-1,-1,14,0,3,1,1,2013,0,0,4.0,4.0,0.0,0.0,3.7142857142857144,0.0,0.48795003647426666,2.7506862
492017,2013-01-14,6,813770,7.0,0.0,2,3,2,13,17,2986,1,94.27,1545,-1,-1,-1,14,0,3,1,1,2013,0,0,10.0,21.0,0.0,0.0,10.285714285714286,0.0,5.96417878432803,8.454612
497400,2013-01-14,12,819194,1.0,0.0,1,1,1,15,9,1002,0,94.27,1147,-1,-1,-1,14,0,3,1,1,2013,0,0,1.0,2.0,0.0,0.0,1.4285714285714286,0.0,0.5345224838248485,1.5415454
498973,2013-01-14,15,207857,5.0,0.0,0,2,1,15,9,1010,0,94.27,1368,-1,-1,-1,14,0,3,1,1,2013,0,0,3.0,3.0,0.0,0.0,3.142857142857143,0.0,1.3451854182690985,2.624121
489830,2013-01-14,4,578097,8.0,0.0,2,3,2,9,5,2102,1,94.27,1321,-1,-1,-1,14,0,3,1,1,2013,0,0,7.0,21.0,0.0,0.0,17.0,0.0,6.480740698407855,12.232799
488390,2013-01-14,3,265559,55.0,0.0,2,3,2,8,9,1072,0,94.27,2785,-1,-1,-1,14,0,3,1,1,2013,0,0,68.0,74.0,0.0,0.0,59.57142857142857,0.0,18.884359867865484,55.132202
498974,2013-01-14,15,208384,6.0,0.0,0,2,1,15,7,2502,1,94.27,1368,-1,-1,-1,14,0,3,1,1,2013,0,0,3.0,4.0,0.0,0.0,2.2857142857142856,0.0,1.2535663410560176,2.699437
492018,2013-01-14,6,816606,2.0,0.0,2,3,2,13,15,4126,0,94.27,1545,-1,-1,-1,14,0,3,1,1,2013,0,0,5.0,2.0,0.0,0.0,2.7142857142857144,0.0,1.253566341056018,2.9768927
491194,2013-01-14,5,1001305,1.0,0.0,4,4,2,4,9,1016,0,94.27,1457,-1,-1,-1,14,0,3,1,1,2013,0,0,5.0,4.0,0.0,0.0,3.2857142857142856,0.0,2.214669705568283,3.3924134
488389,2013-01-14,3,265382,2.0,0.0,2,3,2,8,12,7034,0,94.27,2785,-1,-1,-1,14,0,3,1,1,2013,0,0,14.0,2.0,0.0,0.0,4.571428571428571,0.0,4.7207747548166585,6.2199435
495097,2013-01-14,9,695758,4.274,0.0,2,3,0,6,18,2802,1,94.27,2009,-1,-1,-1,14,0,3,1,1,2013,0,0,4.519,7.553,0.0,0.0,4.1894285714285715,0.0,2.321465618752003,5.5420628
488388,2013-01-14,3,265279,13.0,0.0,2,3,2,8,3,2718,1,94.27,2785,-1,-1,-1,14,0,3,1,1,2013,0,0,25.0,19.0,0.0,0.0,18.0,0.0,7.118052168020872,16.335419
498975,2013-01-14,15,208514,2.0,0.0,0,2,1,15,9,1010,0,94.27,1368,-1,-1,-1,14,0,3,1,1,2013,0,0,2.0,2.0,0.0,0.0,2.142857142857143,0.0,1.3451854182690985,2.205909
495964,2013-01-14,10,902202,4.0,0.0,2,3,1,15,7,2502,1,94.27,1000,-1,-1,-1,14,0,3,1,1,2013,0,0,4.0,4.0,0.0,0.0,2.857142857142857,0.0,1.2149857925879117,2.6689985
492019,2013-01-14,6,816679,1.44,0.0,2,3,2,13,14,2302,1,94.27,1545,-1,-1,-1,14,0,3,1,1,2013,0,0,5.128,9.306,0.0,0.0,6.944571428571429,0.0,4.485399196546608,6.257642
495096,2013-01-14,9,692537,8.0,0.0,2,3,0,6,9,1040,0,94.27,2009,-1,-1,-1,14,0,3,1,1,2013,0,0,11.0,5.0,0.0,0.0,6.428571428571429,0.0,3.207134902949091,5.8761435
498976,2013-01-14,15,209085,2.0,0.0,0,2,1,15,4,3026,0,94.27,1368,-1,-1,-1,14,0,3,1,1,2013,0,0,5.0,7.0,0.0,0.0,3.4285714285714284,0.0,2.225394561056746,3.333066
488387,2013-01-14,3,265266,14.0,0.0,2,3,2,8,17,2986,1,94.27,2785,-1,-1,-1,14,0,3,1,1,2013,0,0,21.0,12.0,0.0,0.0,14.428571428571429,0.0,4.790864322059329,14.959226
491193,2013-01-14,5,999547,5.0,0.0,4,4,2,4,4,3026,0,94.27,1457,-1,-1,-1,14,0,3,1,1,2013,0,0,6.0,18.0,0.0,0.0,14.142857142857142,0.0,8.764104278791063,10.932276
495095,2013-01-14,9,692531,5.0,0.0,2,3,0,6,9,1040,0,94.27,2009,-1,-1,-1,14,0,3,1,1,2013,0,0,14.0,1.0,0.0,0.0,5.714285714285714,0.0,4.46147530585589,6.2850833
488386,2013-01-14,3,265258,4.0,0.0,2,3,2,8,9,1016,0,94.27,2785,-1,-1,-1,14,0,3,1,1,2013,0,0,13.0,2.0,0.0,0.0,6.0,0.0,4.39696865275764,10.127996
492020,2013-01-14,6,819194,1.0,0.0,2,3,2,13,9,1002,0,94.27,1545,-1,-1,-1,14,0,3,1,1,2013,0,0,9.0,3.0,0.0,0.0,2.4285714285714284,0.0,3.154739442867026,6.4812007
488392,2013-01-14,3,268440,2.0,0.0,2,3,2,8,4,3026,0,94.27,2785,-1,-1,-1,14,0,3,1,1,2013,0,0,4.0,5.0,0.0,0.0,4.142857142857143,0.0,1.3451854182690968,4.118917
498977,2013-01-14,15,211203,6.0,0.0,0,2,1,15,9,1072,0,94.27,1368,-1,-1,-1,14,0,3,1,1,2013,0,0,8.0,0.0,0.0,0.0,0.0,0.0,0.0,5.168211
495098,2013-01-14,9,698642,7.0,0.0,2,3,0,6,9,1045,0,94.27,2009,-1,-1,-1,14,0,3,1,1,2013,0,0,7.0,9.0,0.0,0.0,4.428571428571429,0.0,2.6992062325273127,4.5938
492016,2013-01-14,6,813769,5.0,0.0,2,3,2,13,17,2986,1,94.27,1545,-1,-1,-1,14,0,3,1,1,2013,0,0,6.0,6.0,0.0,0.0,4.857142857142857,0.0,2.0354009783964293,4.290083
491197,2013-01-14,5,1004551,6.0,0.0,4,4,2,4,13,1318,0,94.27,1457,-1,-1,-1,14,0,3,1,1,2013,0,0,15.0,8.0,0.0,0.0,7.142857142857143,0.0,4.059087394500207,7.4805994
488398,2013-01-14,3,268834,5.0,0.0,2,3,2,8,9,1056,0,94.27,2785,-1,-1,-1,14,0,3,1,1,2013,0,0,7.0,18.0,0.0,0.0,10.142857142857142,0.0,4.375255094603873,9.383028
492013,2013-01-14,6,812757,9.0,0.0,2,3,2,13,13,1318,0,94.27,1545,-1,-1,-1,14,0,3,1,1,2013,0,0,7.0,0.0,0.0,0.0,0.0,0.0,0.0,5.0132723
498965,2013-01-14,15,168989,1.0,0.0,0,2,1,15,9,1028,0,94.27,1368,-1,-1,-1,14,0,3,1,1,2013,0,0,2.0,1.0,0.0,0.0,2.142857142857143,0.0,1.4638501094227998,1.9769404
495101,2013-01-14,9,700607,1.0,0.0,2,3,0,6,9,1096,0,94.27,2009,-1,-1,-1,14,0,3,1,1,2013,0,0,1.0,2.0,0.0,0.0,2.857142857142857,0.0,2.410295378065479,2.4406435
498966,2013-01-14,15,169028,1.0,0.0,0,2,1,15,9,1040,0,94.27,1368,-1,-1,-1,14,0,3,1,1,2013,0,0,3.0,1.0,0.0,0.0,2.142857142857143,0.0,1.4638501094227994,2.505694
488397,2013-01-14,3,268676,8.0,0.0,2,3,2,8,9,1062,0,94.27,2785,-1,-1,-1,14,0,3,1,1,2013,0,0,13.0,13.0,0.0,0.0,10.285714285714286,0.0,3.4982989063393717,8.255295
495961,2013-01-14,10,898656,4.0,0.0,2,3,1,15,5,2116,1,94.27,1000,-1,-1,-1,14,0,3,1,1,2013,0,0,4.0,4.0,0.0,0.0,8.142857142857142,0.0,3.4846602621858476,5.800891
492014,2013-01-14,6,812769,2.0,0.0,2,3,2,13,13,1318,0,94.27,1545,-1,-1,-1,14,0,3,1,1,2013,0,0,6.0,8.0,0.0,0.0,4.571428571428571,0.0,2.819996622760558,4.923337
489828,2013-01-14,4,575875,4.0,0.0,2,3,2,9,7,2502,1,94.27,1321,-1,-1,-1,14,0,3,1,1,2013,0,0,16.0,10.0,0.0,0.0,7.714285714285714,0.0,4.15187851918806,7.536174
491196,2013-01-14,5,1004550,6.0,0.0,4,4,2,4,13,1318,0,94.27,1457,-1,-1,-1,14,0,3,1,1,2013,0,0,30.0,11.0,0.0,0.0,11.142857142857142,0.0,8.629958891917765,11.081318
488396,2013-01-14,3,268664,9.0,0.0,2,3,2,8,9,1028,0,94.27,2785,-1,-1,-1,14,0,3,1,1,2013,0,0,14.0,10.0,0.0,0.0,14.857142857142858,0.0,3.579039509354965,11.841654
498967,2013-01-14,15,172184,7.0,0.0,0,2,1,15,9,1058,0,94.27,1368,-1,-1,-1,14,0,3,1,1,2013,0,0,3.0,3.0,0.0,0.0,3.4285714285714284,0.0,1.8126539343499313,2.6852522
492015,2013-01-14,6,813167,1.0,0.0,2,3,2,13,8,2214,0,94.27,1545,-1,-1,-1,14,0,3,1,1,2013,0,0,11.0,7.0,0.0,0.0,5.714285714285714,0.0,3.3523268393901033,6.030948
488395,2013-01-14,3,268662,1.0,0.0,2,3,2,8,9,1028,0,94.27,2785,-1,-1,-1,14,0,3,1,1,2013,0,0,4.0,7.0,0.0,0.0,4.0,0.0,2.708012801545322,3.322152
495100,2013-01-14,9,699689,6.229,0.0,2,3,0,6,14,2302,1,94.27,2009,-1,-1,-1,14,0,3,1,1,2013,0,0,8.178,4.111,0.0,0.0,6.0514285714285725,0.0,2.2463639403224396,7.972951
498968,2013-01-14,15,172343,16.0,0.0,0,2,1,15,9,1004,0,94.27,1368,-1,-1,-1,14,0,3,1,1,2013,0,0,6.0,9.0,0.0,0.0,9.857142857142858,0.0,3.4364987719368982,7.9648776
497401,2013-01-14,12,819932,31.0,0.0,1,1,1,15,2,1122,0,94.27,1147,-1,-1,-1,14,0,3,1,1,2013,0,0,106.0,46.0,0.0,0.0,88.28571428571429,0.0,39.381528181429964,59.417366
495962,2013-01-14,10,902198,5.0,0.0,2,3,1,15,7,2502,1,94.27,1000,-1,-1,-1,14,0,3,1,1,2013,0,0,9.0,8.0,0.0,0.0,5.428571428571429,0.0,3.8234863173611093,5.043751
488394,2013-01-14,3,268623,13.0,0.0,2,3,2,8,4,3044,0,94.27,2785,-1,-1,-1,14,0,3,1,1,2013,0,0,15.0,5.0,0.0,0.0,6.142857142857143,0.0,4.980915960897534,7.336896
498969,2013-01-14,15,174081,4.0,0.0,0,2,1,15,2,1136,0,94.27,1368,-1,-1,-1,14,0,3,1,1,2013,0,0,2.0,2.0,0.0,0.0,2.2857142857142856,0.0,0.9511897312113412,3.0250187
495099,2013-01-14,9,698643,13.0,0.0,2,3,0,6,9,1045,0,94.27,2009,-1,-1,-1,14,0,3,1,1,2013,0,0,20.0,11.0,0.0,0.0,11.0,0.0,6.377042156569663,10.546538
498970,2013-01-14,15,179579,3.0,0.0,0,2,1,15,9,1032,0,94.27,1368,-1,-1,-1,14,0,3,1,1,2013,0,0,1.0,2.0,0.0,0.0,1.4285714285714286,0.0,0.5345224838248482,1.766738
488393,2013-01-14,3,268443,53.0,0.0,2,3,2,8,4,3026,0,94.27,2785,-1,-1,-1,14,0,3,1,1,2013,0,0,15.0,74.0,0.0,0.0,38.42857142857143,0.0,18.36534002641155,37.84589
491195,2013-01-14,5,1004545,1.0,0.0,4,4,2,4,4,3028,0,94.27,1457,-1,-1,-1,14,0,3,1,1,2013,0,0,0.0,0.0,0.0,0.0,0.0,0.0,0.0,2.9489243
498971,2013-01-14,15,179615,6.0,0.0,0,2,1,15,5,2112,1,94.27,1368,-1,-1,-1,14,0,3,1,1,2013,0,0,3.0,0.0,0.0,0.0,0.0,0.0,0.0,2.6375535
497399,2013-01-14,12,812757,8.0,0.0,1,1,1,15,13,1318,0,94.27,1147,-1,-1,-1,14,0,3,1,1,2013,0,0,1.0,0.0,0.0,0.0,0.0,0.0,0.0,2.438199
489831,2013-01-14,4,580929,4.0,0.0,2,3,2,9,9,1004,0,94.27,1321,-1,-1,-1,14,0,3,1,1,2013,0,0,5.0,8.0,0.0,0.0,3.7142857142857144,0.0,2.690370836538196,3.6606786
488385,2013-01-14,3,265257,4.0,0.0,2,3,2,8,9,1016,0,94.27,2785,-1,-1,-1,14,0,3,1,1,2013,0,0,3.0,9.0,0.0,0.0,9.285714285714286,0.0,4.111540089159038,8.548802
495090,2013-01-14,9,683723,2.0,0.0,2,3,0,6,9,1062,0,94.27,2009,-1,-1,-1,14,0,3,1,1,2013,0,0,1.0,2.0,0.0,0.0,3.5714285714285716,0.0,2.5071326821120357,2.6650946
498987,2013-01-14,15,215304,1.0,0.0,0,2,1,15,9,1026,0,94.27,1368,-1,-1,-1,14,0,3,1,1,2013,0,0,3.0,0.0,0.0,0.0,0.0,0.0,0.0,2.3327131
488377,2013-01-14,3,264452,18.0,0.0,2,3,2,8,4,3024,0,94.27,2785,-1,-1,-1,14,0,3,1,1,2013,0,0,12.0,15.0,0.0,0.0,15.714285714285714,0.0,3.8172540616821125,13.652203
497396,2013-01-14,12,809882,2.0,0.0,1,1,1,15,3,2708,1,94.27,1147,-1,-1,-1,14,0,3,1,1,2013,0,0,8.0,3.0,0.0,0.0,4.0,0.0,2.309401076758503,7.3474994
492025,2013-01-14,6,819230,5.16,0.0,2,3,2,13,14,2304,1,94.27,1545,-1,-1,-1,14,0,3,1,1,2013,0,0,13.546,9.496,0.0,0.0,7.962428571428572,0.0,2.975095004485449,6.873065
495089,2013-01-14,9,683722,3.0,0.0,2,3,0,6,9,1062,0,94.27,2009,-1,-1,-1,14,0,3,1,1,2013,0,0,2.0,4.0,0.0,0.0,2.7142857142857144,0.0,1.3801311186847083,2.158976
498988,2013-01-14,15,215327,11.0,0.0,0,2,1,15,9,1040,0,94.27,1368,-1,-1,-1,14,0,3,1,1,2013,0,0,11.0,8.0,0.0,0.0,9.285714285714286,0.0,3.592319850008056,7.441535
489834,2013-01-14,4,582863,13.934,0.0,2,3,2,9,14,2302,1,94.27,1321,-1,-1,-1,14,0,3,1,1,2013,0,0,57.38,0.518,0.0,0.0,25.544285714285714,0.0,16.92639202265982,53.907867
495966,2013-01-14,10,903284,21.577,0.0,2,3,1,15,16,2416,1,94.27,1000,-1,-1,-1,14,0,3,1,1,2013,0,0,20.777,48.95,0.0,0.0,20.00357142857143,0.0,14.72303501158579,17.403727
498989,2013-01-14,15,215331,5.0,0.0,0,2,1,15,9,1040,0,94.27,1368,-1,-1,-1,14,0,3,1,1,2013,0,0,14.0,6.0,0.0,0.0,12.142857142857142,0.0,5.871642911161277,10.0726
488376,2013-01-14,3,264299,5.0,0.0,2,3,2,8,4,3032,0,94.27,2785,-1,-1,-1,14,0,3,1,1,2013,0,0,9.0,5.0,0.0,0.0,6.857142857142857,0.0,2.544836041121406,6.368522
495088,2013-01-14,9,683721,4.0,0.0,2,3,0,6,9,1062,0,94.27,2009,-1,-1,-1,14,0,3,1,1,2013,0,0,4.0,4.0,0.0,0.0,3.142857142857143,0.0,0.8997354108424376,2.3884177
492026,2013-01-14,6,819231,3.102,0.0,2,3,2,13,14,2304,1,94.27,1545,-1,-1,-1,14,0,3,1,1,2013,0,0,9.182,6.707,0.0,0.0,5.665142857142857,0.0,2.213598234291207,5.233883
488375,2013-01-14,3,263583,1.0,0.0,2,3,2,8,9,1074,0,94.27,2785,-1,-1,-1,14,0,3,1,1,2013,0,0,6.0,8.0,0.0,0.0,5.571428571428571,0.0,1.2724180205607036,5.2149935
498990,2013-01-14,15,215332,1.0,0.0,0,2,1,15,9,1040,0,94.27,1368,-1,-1,-1,14,0,3,1,1,2013,0,0,3.0,5.0,0.0,0.0,6.285714285714286,0.0,4.029651999626672,4.9908304
497395,2013-01-14,12,807493,74.0,0.0,1,1,1,15,2,1124,0,94.27,1147,-1,-1,-1,14,0,3,1,1,2013,0,0,106.0,41.0,0.0,0.0,64.71428571428571,0.0,28.6630673266388,56.960396
495087,2013-01-14,9,683720,1.0,0.0,2,3,0,6,9,1062,0,94.27,2009,-1,-1,-1,14,0,3,1,1,2013,0,0,1.0,7.0,0.0,0.0,3.0,0.0,1.9999999999999996,2.3718114
488374,2013-01-14,3,262991,13.0,0.0,2,3,2,8,9,1034,0,94.27,2785,-1,-1,-1,14,0,3,1,1,2013,0,0,6.0,15.0,0.0,0.0,12.142857142857142,0.0,4.947341758580103,10.393518
498991,2013-01-14,15,215352,47.0,0.0,0,2,1,15,9,1016,0,94.27,1368,-1,-1,-1,14,0,3,1,1,2013,0,0,42.0,3.0,0.0,0.0,26.285714285714285,0.0,13.912994953331525,78.92371
492027,2013-01-14,6,819932,85.0,0.0,2,3,2,13,2,1122,0,94.27,1545,-1,-1,-1,14,0,3,1,1,2013,0,0,70.0,28.0,0.0,0.0,33.42857142857143,0.0,17.31913337763703,61.28255
491191,2013-01-14,5,996613,4.509,0.0,4,4,2,4,14,2372,1,94.27,1457,-1,-1,-1,14,0,3,1,1,2013,0,0,3.708,2.882,0.0,0.0,3.150285714285715,0.0,1.462965335005779,2.599426
488373,2013-01-14,3,262358,4.0,0.0,2,3,2,8,9,1044,0,94.27,2785,-1,-1,-1,14,0,3,1,1,2013,0,0,5.0,4.0,0.0,0.0,3.857142857142857,0.0,2.3401261667248785,3.7658005
489835,2013-01-14,4,582864,39.114,0.0,2,3,2,9,14,2302,1,94.27,1321,-1,-1,-1,14,0,3,1,1,2013,0,0,36.856,17.505,0.0,0.0,32.92971428571429,0.0,7.12504476510582,27.04256
497394,2013-01-14,12,805311,1.0,0.0,1,1,1,15,2,1122,0,94.27,1147,-1,-1,-1,14,0,3,1,1,2013,0,0,9.0,3.0,0.0,0.0,6.285714285714286,0.0,5.089672082242814,6.0454664
495967,2013-01-14,10,906980,1.0,0.0,2,3,1,15,2,1120,0,94.27,1000,-1,-1,-1,14,0,3,1,1,2013,0,0,1.0,1.0,0.0,0.0,2.4285714285714284,0.0,1.9880595947760098,2.5783398
498986,2013-01-14,15,214862,8.0,0.0,0,2,1,15,4,3034,0,94.27,1368,-1,-1,-1,14,0,3,1,1,2013,0,0,3.0,4.0,0.0,0.0,2.4285714285714284,0.0,1.1338934190276821,2.8251834
488378,2013-01-14,3,264576,13.0,0.0,2,3,2,8,8,2220,0,94.27,2785,-1,-1,-1,14,0,3,1,1,2013,0,0,16.0,12.0,0.0,0.0,12.0,0.0,2.7688746209726904,11.007802
498985,2013-01-14,15,214860,4.0,0.0,0,2,1,15,4,3032,0,94.27,1368,-1,-1,-1,14,0,3,1,1,2013,0,0,1.0,6.0,0.0,0.0,4.285714285714286,0.0,3.6384193323605842,3.8051653
492024,2013-01-14,6,819228,6.104,0.0,2,3,2,13,14,2304,1,94.27,1545,-1,-1,-1,14,0,3,1,1,2013,0,0,19.659,19.193,0.0,0.0,14.892428571428571,0.0,5.932264094400572,12.8797
498978,2013-01-14,15,211999,3.0,0.0,0,2,1,15,9,1036,0,94.27,1368,-1,-1,-1,14,0,3,1,1,2013,0,0,2.0,0.0,0.0,0.0,0.0,0.0,0.0,1.8764719
495094,2013-01-14,9,691945,1.0,0.0,2,3,0,6,4,3026,0,94.27,2009,-1,-1,-1,14,0,3,1,1,2013,0,0,6.0,0.0,0.0,0.0,0.0,0.0,0.0,4.2310767
488384,2013-01-14,3,265254,19.0,0.0,2,3,2,8,9,1016,0,94.27,2785,-1,-1,-1,14,0,3,1,1,2013,0,0,115.0,18.0,0.0,0.0,40.857142857142854,0.0,34.38715153187583,29.728811
497398,2013-01-14,12,812751,2.0,0.0,1,1,1,15,13,1318,0,94.27,1147,-1,-1,-1,14,0,3,1,1,2013,0,0,28.0,3.0,0.0,0.0,7.571428571428571,0.0,9.880235200593539,11.203436
498979,2013-01-14,15,212552,11.0,0.0,0,2,1,15,9,1044,0,94.27,1368,-1,-1,-1,14,0,3,1,1,2013,0,0,5.0,4.0,0.0,0.0,5.142857142857143,0.0,2.267786838055362,3.812929
492021,2013-01-14,6,819195,1.0,0.0,2,3,2,13,9,1002,0,94.27,1545,-1,-1,-1,14,0,3,1,1,2013,0,0,12.0,4.0,0.0,0.0,4.285714285714286,0.0,3.7733400639347674,6.6768637
488383,2013-01-14,3,265237,16.0,0.0,2,3,2,8,9,1060,0,94.27,2785,-1,-1,-1,14,0,3,1,1,2013,0,0,40.0,24.0,0.0,0.0,29.428571428571427,0.0,8.141603913585712,26.229315
498980,2013-01-14,15,213066,1.0,0.0,0,2,1,15,9,1074,0,94.27,1368,-1,-1,-1,14,0,3,1,1,2013,0,0,2.0,14.0,0.0,0.0,5.142857142857143,0.0,4.879500364742666,4.216952
495965,2013-01-14,10,903283,16.433,0.0,2,3,1,15,16,2416,1,94.27,1000,-1,-1,-1,14,0,3,1,1,2013,0,0,43.273,5.505,0.0,0.0,17.178857142857144,0.0,13.468673857369572,19.322376
489832,2013-01-14,4,581078,14.0,0.0,2,3,2,9,4,3038,0,94.27,1321,-1,-1,-1,14,0,3,1,1,2013,0,0,21.0,18.0,0.0,0.0,18.285714285714285,0.0,5.056820005836533,14.246396
497397,2013-01-14,12,812726,3.0,0.0,1,1,1,15,4,3034,0,94.27,1147,-1,-1,-1,14,0,3,1,1,2013,0,0,4.0,4.0,0.0,0.0,4.857142857142857,0.0,3.4364987719368982,3.9116914
498981,2013-01-14,15,213652,2.0,0.0,0,2,1,15,9,1048,0,94.27,1368,-1,-1,-1,14,0,3,1,1,2013,0,0,2.0,2.0,0.0,0.0,2.0,0.0,0.0,2.2214239
497385,2013-01-14,12,793346,4.0,0.0,1,1,1,15,15,4126,0,94.27,1147,-1,-1,-1,14,0,3,1,1,2013,0,0,2.0,3.0,0.0,0.0,3.7142857142857144,0.0,2.214669705568283,2.6527154
488382,2013-01-14,3,265086,9.0,0.0,2,3,2,8,2,1124,0,94.27,2785,-1,-1,-1,14,0,3,1,1,2013,0,0,27.0,15.0,0.0,0.0,11.285714285714286,0.0,9.086882225022427,12.79535
495093,2013-01-14,9,686036,1.0,0.0,2,3,0,6,4,3026,0,94.27,2009,-1,-1,-1,14,0,3,1,1,2013,0,0,4.0,1.0,0.0,0.0,2.5714285714285716,0.0,1.902379462422684,3.055266
498982,2013-01-14,15,213788,3.0,0.0,0,2,1,15,9,1096,0,94.27,1368,-1,-1,-1,14,0,3,1,1,2013,0,0,10.0,4.0,0.0,0.0,4.285714285714286,0.0,3.498298906339372,4.7594585
488381,2013-01-14,3,264753,9.0,0.0,2,3,2,8,4,3034,0,94.27,2785,-1,-1,-1,14,0,3,1,1,2013,0,0,16.0,13.0,0.0,0.0,10.428571428571429,0.0,4.859943170351646,9.961712
492023,2013-01-14,6,819209,4.188,0.0,2,3,2,13,14,2304,1,94.27,1545,-1,-1,-1,14,0,3,1,1,2013,0,0,16.965,11.973,0.0,0.0,11.157285714285715,0.0,4.4980559028053335,9.714368
498983,2013-01-14,15,214381,9.0,0.0,0,2,1,15,4,3032,0,94.27,1368,-1,-1,-1,14,0,3,1,1,2013,0,0,15.0,13.0,0.0,0.0,11.285714285714286,0.0,3.5923198500080704,10.344145
495092,2013-01-14,9,686035,3.0,0.0,2,3,0,6,2,1122,0,94.27,2009,-1,-1,-1,14,0,3,1,1,2013,0,0,1.0,0.0,0.0,0.0,0.0,0.0,0.0,2.6390014
488380,2013-01-14,3,264752,6.0,0.0,2,3,2,8,4,3034,0,94.27,2785,-1,-1,-1,14,0,3,1,1,2013,0,0,4.0,10.0,0.0,0.0,7.714285714285714,0.0,3.498298906339372,6.8475714
489833,2013-01-14,4,581742,3.0,0.0,2,3,2,9,9,1072,0,94.27,1321,-1,-1,-1,14,0,3,1,1,2013,0,0,10.0,7.0,0.0,0.0,5.285714285714286,0.0,3.3022358947782484,5.372481
495091,2013-01-14,9,686034,1.0,0.0,2,3,0,6,2,1122,0,94.27,2009,-1,-1,-1,14,0,3,1,1,2013,0,0,1.0,1.0,0.0,0.0,1.8571428571428572,0.0,1.069044967649697,2.3630686
498984,2013-01-14,15,214859,1.0,0.0,0,2,1,15,4,3032,0,94.27,1368,-1,-1,-1,14,0,3,1,1,2013,0,0,4.0,21.0,0.0,0.0,11.285714285714286,0.0,6.848705126136028,9.579783
491192,2013-01-14,5,999546,4.0,0.0,4,4,2,4,4,3026,0,94.27,1457,-1,-1,-1,14,0,3,1,1,2013,0,0,4.0,4.0,0.0,0.0,4.285714285714286,0.0,1.6035674514745442,3.5785441
488379,2013-01-14,3,264751,6.0,0.0,2,3,2,8,4,3032,0,94.27,2785,-1,-1,-1,14,0,3,1,1,2013,0,0,12.0,11.0,0.0,0.0,6.857142857142857,0.0,4.4880794492585725,7.2520905
492022,2013-01-14,6,819206,6.836,0.0,2,3,2,13,14,2304,1,94.27,1545,-1,-1,-1,14,0,3,1,1,2013,0,0,10.935,2.716,0.0,0.0,5.548285714285713,0.0,3.496830551336725,5.515577
491186,2013-01-14,5,986193,1.0,0.0,4,4,2,4,3,2702,1,94.27,1457,-1,-1,-1,14,0,3,1,1,2013,0,0,1.0,1.0,0.0,0.0,2.4285714285714284,0.0,2.5727509827123995,2.8460124
499022,2013-01-14,15,262991,3.0,0.0,0,2,1,15,9,1034,0,94.27,1368,-1,-1,-1,14,0,3,1,1,2013,0,0,4.0,9.0,0.0,0.0,3.857142857142857,0.0,2.5448360411214073,3.4038403
488344,2013-01-14,3,223136,9.0,0.0,2,3,2,8,9,1072,0,94.27,2785,-1,-1,-1,14,0,3,1,1,2013,0,0,32.0,17.0,0.0,0.0,14.714285714285714,0.0,9.551863443229035,16.070995
488312,2013-01-14,3,208699,4.0,0.0,2,3,2,8,9,1034,0,94.27,2785,-1,-1,-1,14,0,3,1,1,2013,0,0,4.0,7.0,0.0,0.0,8.285714285714286,0.0,4.644505202002531,6.5880346
499059,2013-01-14,15,314879,6.0,0.0,0,2,1,15,4,3034,0,94.27,1368,-1,-1,-1,14,0,3,1,1,2013,0,0,2.0,0.0,0.0,0.0,0.0,0.0,0.0,2.5450299
492061,2013-01-14,6,841583,3.0,0.0,2,3,2,13,9,1014,0,94.27,1545,-1,-1,-1,14,0,3,1,1,2013,0,0,10.0,6.0,0.0,0.0,4.714285714285714,0.0,2.9277002188455987,8.355516
491178,2013-01-14,5,979195,4.0,0.0,4,4,2,4,4,3028,0,94.27,1457,-1,-1,-1,14,0,3,1,1,2013,0,0,5.0,4.0,0.0,0.0,3.7142857142857144,0.0,0.7559289460184433,3.366471
488311,2013-01-14,3,208659,2.0,0.0,2,3,2,8,9,1078,0,94.27,2785,-1,-1,-1,14,0,3,1,1,2013,0,0,9.0,12.0,0.0,0.0,8.142857142857142,0.0,4.561745697594706,7.2574406
495048,2013-01-14,9,641042,10.0,0.0,2,3,0,6,9,1026,0,94.27,2009,-1,-1,-1,14,0,3,1,1,2013,0,0,26.0,12.0,0.0,0.0,12.285714285714286,0.0,8.22018421760903,11.388522
499060,2013-01-14,15,314880,8.0,0.0,0,2,1,15,4,3034,0,94.27,1368,-1,-1,-1,14,0,3,1,1,2013,0,0,4.0,0.0,0.0,0.0,0.0,0.0,0.0,3.1126728
497373,2013-01-14,12,767184,2.0,0.0,1,1,1,15,9,1039,0,94.27,1147,-1,-1,-1,14,0,3,1,1,2013,0,0,3.0,1.0,0.0,0.0,2.4285714285714284,0.0,1.3972762620115438,2.358946
499061,2013-01-14,15,314881,2.0,0.0,0,2,1,15,4,3034,0,94.27,1368,-1,-1,-1,14,0,3,1,1,2013,0,0,6.0,6.0,0.0,0.0,4.571428571428571,0.0,2.2990681342044406,4.1418867
492062,2013-01-14,6,841607,1.0,0.0,2,3,2,13,4,3024,0,94.27,1545,-1,-1,-1,14,0,3,1,1,2013,0,0,3.0,6.0,0.0,0.0,4.714285714285714,0.0,4.3094580368566735,3.8960643
488310,2013-01-14,3,208539,8.38,0.0,2,3,2,8,16,2412,1,94.27,2785,-1,-1,-1,14,0,3,1,1,2013,0,0,2.452,13.581,0.0,0.0,5.974571428571428,0.0,4.496672023365089,5.360459
499062,2013-01-14,15,315176,3.0,0.0,0,2,1,15,2,1124,0,94.27,1368,-1,-1,-1,14,0,3,1,1,2013,0,0,24.0,8.0,0.0,0.0,11.428571428571429,0.0,9.413769044280173,14.024569
488309,2013-01-14,3,208514,8.0,0.0,2,3,2,8,9,1010,0,94.27,2785,-1,-1,-1,14,0,3,1,1,2013,0,0,6.0,14.0,0.0,0.0,8.571428571428571,0.0,4.995235825502231,7.2936544
499063,2013-01-14,15,315178,1.0,0.0,0,2,1,15,2,1124,0,94.27,1368,-1,-1,-1,14,0,3,1,1,2013,0,0,3.0,0.0,0.0,0.0,0.0,0.0,0.0,3.6564105
489859,2013-01-14,4,598492,1.0,0.0,2,3,2,9,9,1032,0,94.27,1321,-1,-1,-1,14,0,3,1,1,2013,0,0,1.0,1.0,0.0,0.0,2.142857142857143,0.0,1.2149857925879117,1.8285381
488308,2013-01-14,3,208498,8.0,0.0,2,3,2,8,4,3044,0,94.27,2785,-1,-1,-1,14,0,3,1,1,2013,0,0,8.0,7.0,0.0,0.0,7.714285714285714,0.0,2.429971585175825,9.024788
499064,2013-01-14,15,315179,5.0,0.0,0,2,1,15,2,1124,0,94.27,1368,-1,-1,-1,14,0,3,1,1,2013,0,0,3.0,0.0,0.0,0.0,0.0,0.0,0.0,3.6564105
492063,2013-01-14,6,841612,4.0,0.0,2,3,2,13,4,3038,0,94.27,1545,-1,-1,-1,14,0,3,1,1,2013,0,0,8.0,6.0,0.0,0.0,5.428571428571429,0.0,1.7182493859684482,7.589611
499065,2013-01-14,15,315220,9.0,0.0,0,2,1,15,9,1014,0,94.27,1368,-1,-1,-1,14,0,3,1,1,2013,0,0,7.0,9.0,0.0,0.0,10.285714285714286,0.0,2.9277002188455974,8.782348
495047,2013-01-14,9,639586,32.0,0.0,2,3,0,6,9,1004,0,94.27,2009,-1,-1,-1,14,0,3,1,1,2013,0,0,54.0,19.0,0.0,0.0,24.285714285714285,0.0,13.275469680508301,25.346188
497372,2013-01-14,12,765519,6.0,0.0,1,1,1,15,9,1084,0,94.27,1147,-1,-1,-1,14,0,3,1,1,2013,0,0,11.0,4.0,0.0,0.0,5.428571428571429,0.0,3.952094080237415,4.9084196
488307,2013-01-14,3,208426,8.0,0.0,2,3,2,8,6,2632,1,94.27,2785,-1,-1,-1,14,0,3,1,1,2013,0,0,8.0,13.0,0.0,0.0,12.142857142857142,0.0,5.785861256216785,12.340628
495046,2013-01-14,9,638978,15.0,0.0,2,3,0,6,9,1045,0,94.27,2009,-1,-1,-1,14,0,3,1,1,2013,0,0,12.0,9.0,0.0,0.0,9.857142857142858,0.0,2.968084198523321,7.995708
499066,2013-01-14,15,315221,7.0,0.0,0,2,1,15,9,1014,0,94.27,1368,-1,-1,-1,14,0,3,1,1,2013,0,0,13.0,35.0,0.0,0.0,11.571428571428571,0.0,11.02810263005598,10.872783
491177,2013-01-14,5,977007,1.0,0.0,4,4,2,4,4,3034,0,94.27,1457,-1,-1,-1,14,0,3,1,1,2013,0,0,15.0,1.0,0.0,0.0,6.857142857142857,0.0,7.312741652498771,6.729372
489858,2013-01-14,4,598414,1.0,0.0,2,3,2,9,9,1032,0,94.27,1321,-1,-1,-1,14,0,3,1,1,2013,0,0,3.0,6.0,0.0,0.0,4.142857142857143,0.0,3.891382420536067,3.0021124
488306,2013-01-14,3,208386,9.0,0.0,2,3,2,8,7,2502,1,94.27,2785,-1,-1,-1,14,0,3,1,1,2013,0,0,12.0,11.0,0.0,0.0,9.714285714285714,0.0,2.4299715851758243,8.701447
499058,2013-01-14,15,314570,5.0,0.0,0,2,1,15,4,3024,0,94.27,1368,-1,-1,-1,14,0,3,1,1,2013,0,0,3.0,4.0,0.0,0.0,4.0,0.0,1.632993161855452,3.1458805
495980,2013-01-14,10,938576,10.0,0.0,2,3,1,15,9,1042,0,94.27,1000,-1,-1,-1,14,0,3,1,1,2013,0,0,11.0,6.0,0.0,0.0,8.428571428571429,0.0,4.237025012007949,6.759711
499052,2013-01-14,15,310671,11.0,0.0,0,2,1,15,9,1034,0,94.27,1368,-1,-1,-1,14,0,3,1,1,2013,0,0,3.0,8.0,0.0,0.0,7.0,0.0,3.1091263510296048,5.185962
495053,2013-01-14,9,655744,2.0,0.0,2,3,0,6,12,7016,0,94.27,2009,-1,-1,-1,14,0,3,1,1,2013,0,0,1.0,1.0,0.0,0.0,1.8571428571428572,0.0,1.0690449676496976,1.6390332
488318,2013-01-14,3,212550,3.0,0.0,2,3,2,8,9,1036,0,94.27,2785,-1,-1,-1,14,0,3,1,1,2013,0,0,3.0,3.0,0.0,0.0,2.5714285714285716,0.0,0.9759000729485336,2.5143635
492057,2013-01-14,6,839545,2.0,0.0,2,3,2,13,5,2142,1,94.27,1545,-1,-1,-1,14,0,3,1,1,2013,0,0,5.0,1.0,0.0,0.0,3.4285714285714284,0.0,1.902379462422684,3.5142782
499053,2013-01-14,15,310790,3.0,0.0,0,2,1,15,9,1034,0,94.27,1368,-1,-1,-1,14,0,3,1,1,2013,0,0,12.0,15.0,0.0,0.0,10.0,0.0,4.163331998932265,7.742116
495052,2013-01-14,9,655427,6.0,0.0,2,3,0,6,4,3020,0,94.27,2009,-1,-1,-1,14,0,3,1,1,2013,0,0,7.0,13.0,0.0,0.0,8.142857142857142,0.0,2.7945525240230937,6.423566
488317,2013-01-14,3,211999,5.0,0.0,2,3,2,8,9,1036,0,94.27,2785,-1,-1,-1,14,0,3,1,1,2013,0,0,5.0,3.0,0.0,0.0,4.142857142857143,0.0,2.4102953780654786,3.2583811
492058,2013-01-14,6,841197,13.0,0.0,2,3,2,13,3,2708,1,94.27,1545,-1,-1,-1,14,0,3,1,1,2013,0,0,12.0,9.0,0.0,0.0,12.571428571428571,0.0,4.035556254807297,10.166738
499054,2013-01-14,15,311954,57.0,0.0,0,2,1,15,4,3006,0,94.27,1368,-1,-1,-1,14,0,3,1,1,2013,0,0,1.0,2.0,0.0,0.0,1.5714285714285714,0.0,0.5345224838248488,1.9483294
489856,2013-01-14,4,592801,3.0,0.0,2,3,2,9,5,2114,1,94.27,1321,-1,-1,-1,14,0,3,1,1,2013,0,0,2.0,1.0,0.0,0.0,2.0,0.0,1.1547005383792515,2.2148526
488316,2013-01-14,3,211205,6.0,0.0,2,3,2,8,9,1072,0,94.27,2785,-1,-1,-1,14,0,3,1,1,2013,0,0,8.0,19.0,0.0,0.0,13.0,0.0,4.396968652757641,13.981952
499055,2013-01-14,15,312113,1.0,0.0,0,2,1,15,3,2720,1,94.27,1368,-1,-1,-1,14,0,3,1,1,2013,0,0,1.0,7.0,0.0,0.0,2.7142857142857144,0.0,2.138089935299395,3.1910486
491179,2013-01-14,5,979196,3.0,0.0,4,4,2,4,4,3028,0,94.27,1457,-1,-1,-1,14,0,3,1,1,2013,0,0,2.0,8.0,0.0,0.0,2.7142857142857144,0.0,2.4299715851758235,2.8102465
497375,2013-01-14,12,769314,5.0,0.0,1,1,1,15,4,3020,0,94.27,1147,-1,-1,-1,14,0,3,1,1,2013,0,0,2.0,7.0,0.0,0.0,2.857142857142857,0.0,2.3401261667248785,2.6049373
488315,2013-01-14,3,211203,70.0,0.0,2,3,2,8,9,1072,0,94.27,2785,-1,-1,-1,14,0,3,1,1,2013,0,0,77.0,0.0,0.0,0.0,0.0,0.0,0.0,45.669735
499056,2013-01-14,15,312324,2.0,0.0,0,2,1,15,9,1044,0,94.27,1368,-1,-1,-1,14,0,3,1,1,2013,0,0,7.0,3.0,0.0,0.0,5.857142857142857,0.0,1.6761634196950557,4.888831
495051,2013-01-14,9,651525,12.0,0.0,2,3,0,6,9,1004,0,94.27,2009,-1,-1,-1,14,0,3,1,1,2013,0,0,12.0,8.0,0.0,0.0,9.142857142857142,0.0,4.775931721614516,9.043388
489857,2013-01-14,4,594045,6.0,0.0,2,3,2,9,3,2718,1,94.27,1321,-1,-1,-1,14,0,3,1,1,2013,0,0,7.0,4.0,0.0,0.0,4.285714285714286,0.0,1.6035674514745462,4.352768
492059,2013-01-14,6,841514,8.0,0.0,2,3,2,13,9,1072,0,94.27,1545,-1,-1,-1,14,0,3,1,1,2013,0,0,16.0,15.0,0.0,0.0,11.285714285714286,0.0,5.023753102820165,9.835669
488314,2013-01-14,3,210798,6.0,0.0,2,3,2,8,9,1074,0,94.27,2785,-1,-1,-1,14,0,3,1,1,2013,0,0,2.0,5.0,0.0,0.0,2.7142857142857144,0.0,1.3801311186847083,2.8723118
499057,2013-01-14,15,314384,20.0,0.0,0,2,1,15,9,1004,0,94.27,1368,-1,-1,-1,14,0,3,1,1,2013,0,0,17.0,18.0,0.0,0.0,16.142857142857142,0.0,4.81070235442364,13.737871
495050,2013-01-14,9,651326,1.0,0.0,2,3,0,6,9,1036,0,94.27,2009,-1,-1,-1,14,0,3,1,1,2013,0,0,1.0,1.0,0.0,0.0,2.2857142857142856,0.0,2.563479777846623,2.240329
492060,2013-01-14,6,841570,9.0,0.0,2,3,2,13,9,1070,0,94.27,1545,-1,-1,-1,14,0,3,1,1,2013,0,0,8.0,1.0,0.0,0.0,4.285714285714286,0.0,3.147183169877773,6.891556
497374,2013-01-14,12,769312,5.0,0.0,1,1,1,15,4,3020,0,94.27,1147,-1,-1,-1,14,0,3,1,1,2013,0,0,6.0,7.0,0.0,0.0,4.857142857142857,0.0,1.4638501094228005,3.9378023
488313,2013-01-14,3,209085,15.0,0.0,2,3,2,8,4,3026,0,94.27,2785,-1,-1,-1,14,0,3,1,1,2013,0,0,9.0,11.0,0.0,0.0,9.857142857142858,0.0,5.17779140266618,8.816282
495049,2013-01-14,9,648313,17.0,0.0,2,3,0,6,4,3020,0,94.27,2009,-1,-1,-1,14,0,3,1,1,2013,0,0,20.0,20.0,0.0,0.0,15.571428571428571,0.0,4.859943170351628,15.135075
492064,2013-01-14,6,841614,1.0,0.0,2,3,2,13,4,3038,0,94.27,1545,-1,-1,-1,14,0,3,1,1,2013,0,0,1.0,1.0,0.0,0.0,2.7142857142857144,0.0,1.7043362064926928,2.8363037
499067,2013-01-14,15,315277,27.0,0.0,0,2,1,15,9,1040,0,94.27,1368,-1,-1,-1,14,0,3,1,1,2013,0,0,10.0,17.0,0.0,0.0,12.0,0.0,5.354126134736337,10.004411
488305,2013-01-14,3,208384,47.0,0.0,2,3,2,8,7,2502,1,94.27,2785,-1,-1,-1,14,0,3,1,1,2013,0,0,100.0,90.0,0.0,0.0,73.71428571428571,0.0,22.291360701059993,75.49688
499075,2013-01-14,15,320681,10.0,0.0,0,2,1,15,9,1080,0,94.27,1368,-1,-1,-1,14,0,3,1,1,2013,0,0,7.0,6.0,0.0,0.0,9.571428571428571,0.0,4.314979445958883,8.696924
495041,2013-01-14,9,637016,1.0,0.0,2,3,0,6,9,1078,0,94.27,2009,-1,-1,-1,14,0,3,1,1,2013,0,0,6.0,0.0,0.0,0.0,0.0,0.0,0.0,3.9672704
492069,2013-01-14,6,843585,13.0,0.0,2,3,2,13,9,1016,0,94.27,1545,-1,-1,-1,14,0,3,1,1,2013,0,0,18.0,3.0,0.0,0.0,11.857142857142858,0.0,5.520524474738833,11.224426
495040,2013-01-14,9,633977,15.604,0.0,2,3,0,6,14,2306,1,94.27,2009,-1,-1,-1,14,0,3,1,1,2013,0,0,17.535,14.188,0.0,0.0,15.133857142857142,0.0,4.004464276636404,11.2279005
488296,2013-01-14,3,179274,9.0,0.0,2,3,2,8,9,1032,0,94.27,2785,-1,-1,-1,14,0,3,1,1,2013,0,0,24.0,15.0,0.0,0.0,17.428571428571427,0.0,5.318431562567509,13.171687
499076,2013-01-14,15,320682,24.0,0.0,0,2,1,15,9,1080,0,94.27,1368,-1,-1,-1,14,0,3,1,1,2013,0,0,31.0,38.0,0.0,0.0,35.57142857142857,0.0,5.287001130355561,31.397676
491176,2013-01-14,5,968935,4.0,0.0,4,4,2,4,13,1386,0,94.27,1457,-1,-1,-1,14,0,3,1,1,2013,0,0,11.0,5.0,0.0,0.0,4.714285714285714,0.0,3.1471831698777724,5.0276065
489863,2013-01-14,4,617763,1.0,0.0,2,3,2,9,1,4222,0,94.27,1321,-1,-1,-1,14,0,3,1,1,2013,0,0,4.0,1.0,0.0,0.0,1.5714285714285714,0.0,1.1338934190276817,1.8253609
488295,2013-01-14,3,177395,3.0,0.0,2,3,2,8,9,1032,0,94.27,2785,-1,-1,-1,14,0,3,1,1,2013,0,0,6.0,8.0,0.0,0.0,4.571428571428571,0.0,2.5727509827123995,4.1770678
499077,2013-01-14,15,321798,1.0,0.0,0,2,1,15,4,3010,0,94.27,1368,-1,-1,-1,14,0,3,1,1,2013,0,0,1.0,1.0,0.0,0.0,2.2857142857142856,0.0,2.627691364061218,2.429205
492070,2013-01-14,6,843589,1.0,0.0,2,3,2,13,15,4126,0,94.27,1545,-1,-1,-1,14,0,3,1,1,2013,0,0,5.0,2.0,0.0,0.0,2.4285714285714284,0.0,1.5118578920369088,2.9688265
495982,2013-01-14,10,939130,9.0,0.0,2,3,1,15,5,2104,1,94.27,1000,-1,-1,-1,14,0,3,1,1,2013,0,0,11.0,1.0,0.0,0.0,4.428571428571429,0.0,3.4572215654165057,4.703642
488294,2013-01-14,3,177050,1.0,0.0,2,3,2,8,12,7034,0,94.27,2785,-1,-1,-1,14,0,3,1,1,2013,0,0,2.0,2.0,0.0,0.0,1.2857142857142858,0.0,0.4879500364742667,3.1623611
492071,2013-01-14,6,843607,3.0,0.0,2,3,2,13,9,1042,0,94.27,1545,-1,-1,-1,14,0,3,1,1,2013,0,0,3.0,6.0,0.0,0.0,3.142857142857143,0.0,1.7728105208558365,2.879958
495039,2013-01-14,9,627887,1.0,0.0,2,3,0,6,9,1030,0,94.27,2009,-1,-1,-1,14,0,3,1,1,2013,0,0,4.0,2.0,0.0,0.0,3.5714285714285716,0.0,2.370453040886408,2.5981493
499078,2013-01-14,15,322094,6.0,0.0,0,2,1,15,4,3020,0,94.27,1368,-1,-1,-1,14,0,3,1,1,2013,0,0,8.0,5.0,0.0,0.0,7.142857142857143,0.0,2.2677868380553625,5.5127563
495038,2013-01-14,9,627885,2.0,0.0,2,3,0,6,9,1030,0,94.27,2009,-1,-1,-1,14,0,3,1,1,2013,0,0,3.0,1.0,0.0,0.0,2.142857142857143,0.0,1.0690449676496976,2.1536274
499079,2013-01-14,15,323013,2.0,0.0,0,2,1,15,9,1058,0,94.27,1368,-1,-1,-1,14,0,3,1,1,2013,0,0,4.0,5.0,0.0,0.0,4.714285714285714,0.0,2.058663459163551,3.5960908
489864,2013-01-14,4,619965,1.0,0.0,2,3,2,9,6,2636,1,94.27,1321,-1,-1,-1,14,0,3,1,1,2013,0,0,1.0,3.0,0.0,0.0,2.5714285714285716,0.0,1.7182493859684493,2.1702888
488293,2013-01-14,3,174081,11.0,0.0,2,3,2,8,2,1136,0,94.27,2785,-1,-1,-1,14,0,3,1,1,2013,0,0,15.0,12.0,0.0,0.0,19.0,0.0,15.394804318340652,16.654182
492072,2013-01-14,6,843608,6.0,0.0,2,3,2,13,9,1042,0,94.27,1545,-1,-1,-1,14,0,3,1,1,2013,0,0,8.0,1.0,0.0,0.0,3.857142857142857,0.0,2.6726124191242437,6.916127
495037,2013-01-14,9,622958,6.0,0.0,2,3,0,6,9,1014,0,94.27,2009,-1,-1,-1,14,0,3,1,1,2013,0,0,14.0,15.0,0.0,0.0,14.714285714285714,0.0,4.644505202002531,13.128162
497368,2013-01-14,12,759694,4.0,0.0,1,1,1,15,9,1070,0,94.27,1147,-1,-1,-1,14,0,3,1,1,2013,0,0,9.0,2.0,0.0,0.0,3.142857142857143,0.0,2.7945525240230875,3.9568758
492073,2013-01-14,6,843609,3.0,0.0,2,3,2,13,9,1042,0,94.27,1545,-1,-1,-1,14,0,3,1,1,2013,0,0,3.0,1.0,0.0,0.0,1.7142857142857142,0.0,0.9511897312113418,2.71976
499080,2013-01-14,15,323921,17.0,0.0,0,2,1,15,15,4114,0,94.27,1368,-1,-1,-1,14,0,3,1,1,2013,0,0,14.0,17.0,0.0,0.0,13.428571428571429,0.0,4.1975049278169525,10.254395
488297,2013-01-14,3,179564,1.0,0.0,2,3,2,8,9,1032,0,94.27,2785,-1,-1,-1,14,0,3,1,1,2013,0,0,4.0,2.0,0.0,0.0,2.5714285714285716,0.0,1.2724180205607039,2.883459
497369,2013-01-14,12,759894,2.0,0.0,1,1,1,15,15,4126,0,94.27,1147,-1,-1,-1,14,0,3,1,1,2013,0,0,2.0,9.0,0.0,0.0,4.0,0.0,2.7080128015453204,3.3527398
489862,2013-01-14,4,617103,5.0,0.0,2,3,2,9,7,2502,1,94.27,1321,-1,-1,-1,14,0,3,1,1,2013,0,0,7.0,6.0,0.0,0.0,4.428571428571429,0.0,1.8126539343499308,4.084283
488298,2013-01-14,3,179600,4.0,0.0,2,3,2,8,9,1006,0,94.27,2785,-1,-1,-1,14,0,3,1,1,2013,0,0,4.0,5.0,0.0,0.0,5.285714285714286,0.0,1.799470821684875,4.3286753
489860,2013-01-14,4,617092,5.0,0.0,2,3,2,9,7,2502,1,94.27,1321,-1,-1,-1,14,0,3,1,1,2013,0,0,7.0,7.0,0.0,0.0,5.428571428571429,0.0,1.8126539343499324,4.4889107
499068,2013-01-14,15,315279,7.0,0.0,0,2,1,15,9,1040,0,94.27,1368,-1,-1,-1,14,0,3,1,1,2013,0,0,4.0,8.0,0.0,0.0,8.571428571428571,0.0,3.9096949095440032,6.7292647
495045,2013-01-14,9,638977,37.0,0.0,2,3,0,6,9,1045,0,94.27,2009,-1,-1,-1,14,0,3,1,1,2013,0,0,58.0,35.0,0.0,0.0,31.0,0.0,15.821925715074435,32.39846
497371,2013-01-14,12,765517,9.0,0.0,1,1,1,15,9,1060,0,94.27,1147,-1,-1,-1,14,0,3,1,1,2013,0,0,15.0,13.0,0.0,0.0,8.714285714285714,0.0,5.55920515044749,7.3837104
488304,2013-01-14,3,207857,15.0,0.0,2,3,2,8,9,1010,0,94.27,2785,-1,-1,-1,14,0,3,1,1,2013,0,0,16.0,19.0,0.0,0.0,12.571428571428571,0.0,4.1576092031015035,11.973602
492065,2013-01-14,6,841667,2.0,0.0,2,3,2,13,5,2128,1,94.27,1545,-1,-1,-1,14,0,3,1,1,2013,0,0,2.0,10.0,0.0,0.0,6.0,0.0,2.82842712474619,5.1480923
499069,2013-01-14,15,315322,4.0,0.0,0,2,1,15,9,1084,0,94.27,1368,-1,-1,-1,14,0,3,1,1,2013,0,0,2.0,3.0,0.0,0.0,3.142857142857143,0.0,1.3451854182690977,2.377887
495044,2013-01-14,9,638327,8.0,0.0,2,3,0,6,9,1084,0,94.27,2009,-1,-1,-1,14,0,3,1,1,2013,0,0,3.0,6.0,0.0,0.0,4.285714285714286,0.0,0.9511897312113418,3.1226268
488303,2013-01-14,3,205557,2.0,0.0,2,3,2,8,9,1062,0,94.27,2785,-1,-1,-1,14,0,3,1,1,2013,0,0,3.0,1.0,0.0,0.0,2.2857142857142856,0.0,1.4960264830861918,2.5589428
499070,2013-01-14,15,315460,3.0,0.0,0,2,1,15,9,1016,0,94.27,1368,-1,-1,-1,14,0,3,1,1,2013,0,0,3.0,4.0,0.0,0.0,2.857142857142857,0.0,1.772810520855837,3.2884974
489861,2013-01-14,4,617096,1.0,0.0,2,3,2,9,7,2502,1,94.27,1321,-1,-1,-1,14,0,3,1,1,2013,0,0,1.0,5.0,0.0,0.0,2.2857142857142856,0.0,1.3801311186847085,2.2823746
488302,2013-01-14,3,205486,10.0,0.0,2,3,2,8,5,2124,1,94.27,2785,-1,-1,-1,14,0,3,1,1,2013,0,0,17.0,2.0,0.0,0.0,9.142857142857142,0.0,5.6987885095159045,8.461163
491180,2013-01-14,5,979197,2.0,0.0,4,4,2,4,4,3028,0,94.27,1457,-1,-1,-1,14,0,3,1,1,2013,0,0,2.0,7.0,0.0,0.0,2.2857142857142856,0.0,2.1380899352993947,2.4786901
492066,2013-01-14,6,841841,3.0,0.0,2,3,2,13,9,1072,0,94.27,1545,-1,-1,-1,14,0,3,1,1,2013,0,0,25.0,23.0,0.0,0.0,15.714285714285714,0.0,7.952238379104043,14.216701
495981,2013-01-14,10,939129,5.0,0.0,2,3,1,15,5,2104,1,94.27,1000,-1,-1,-1,14,0,3,1,1,2013,0,0,5.0,7.0,0.0,0.0,5.285714285714286,0.0,2.9840847683606286,4.0787563
497370,2013-01-14,12,760319,26.086,0.0,1,1,1,15,16,2416,1,94.27,1147,-1,-1,-1,14,0,3,1,1,2013,0,0,38.577,24.1,0.0,0.0,26.345571428571425,0.0,13.241587088376065,27.414633
488301,2013-01-14,3,205387,13.0,0.0,2,3,2,8,9,1034,0,94.27,2785,-1,-1,-1,14,0,3,1,1,2013,0,0,9.0,10.0,0.0,0.0,10.857142857142858,0.0,4.259443290250164,9.155241
499072,2013-01-14,15,318932,15.0,0.0,0,2,1,15,6,2644,1,94.27,1368,-1,-1,-1,14,0,3,1,1,2013,0,0,11.0,11.0,0.0,0.0,10.0,0.0,2.3094010767585043,7.6775913
492067,2013-01-14,6,841842,10.0,0.0,2,3,2,13,9,1072,0,94.27,1545,-1,-1,-1,14,0,3,1,1,2013,0,0,27.0,90.0,0.0,0.0,26.571428571428573,0.0,29.113897843110045,22.769684
488300,2013-01-14,3,205209,8.293,0.0,2,3,2,8,14,2302,1,94.27,2785,-1,-1,-1,14,0,3,1,1,2013,0,0,9.142,0.0,0.0,0.0,0.0,0.0,0.0,6.8968287
495043,2013-01-14,9,638296,5.0,0.0,2,3,0,6,9,1062,0,94.27,2009,-1,-1,-1,14,0,3,1,1,2013,0,0,7.0,5.0,0.0,0.0,4.142857142857143,0.0,2.7342623276105895,3.4838917
492068,2013-01-14,6,843411,1.0,0.0,2,3,2,13,15,4126,0,94.27,1545,-1,-1,-1,14,0,3,1,1,2013,0,0,5.0,5.0,0.0,0.0,3.857142857142857,0.0,1.8644544714716087,3.2342649
488299,2013-01-14,3,179615,9.0,0.0,2,3,2,8,5,2112,1,94.27,2785,-1,-1,-1,14,0,3,1,1,2013,0,0,19.0,20.0,0.0,0.0,18.0,0.0,5.773502691896258,14.877706
499073,2013-01-14,15,319093,1.0,0.0,0,2,1,15,6,2630,1,94.27,1368,-1,-1,-1,14,0,3,1,1,2013,0,0,2.0,11.0,0.0,0.0,4.428571428571429,0.0,4.27617987059879,3.8615868
495042,2013-01-14,9,638240,4.0,0.0,2,3,0,6,4,3020,0,94.27,2009,-1,-1,-1,14,0,3,1,1,2013,0,0,5.0,11.0,0.0,0.0,5.285714285714286,0.0,2.751622897751175,4.6762667
499074,2013-01-14,15,319095,2.0,0.0,0,2,1,15,6,2640,1,94.27,1368,-1,-1,-1,14,0,3,1,1,2013,0,0,1.0,2.0,0.0,0.0,2.2857142857142856,0.0,1.7043362064926932,2.2913623
499071,2013-01-14,15,315474,17.0,0.0,0,2,1,15,3,2718,1,94.27,1368,-1,-1,-1,14,0,3,1,1,2013,0,0,27.0,28.0,0.0,0.0,19.714285714285715,0.0,11.757469763435296,18.839197
492012,2013-01-14,6,812751,2.0,0.0,2,3,2,13,13,1318,0,94.27,1545,-1,-1,-1,14,0,3,1,1,2013,0,0,11.0,6.0,0.0,0.0,7.285714285714286,0.0,3.728908942943218,7.071679
488319,2013-01-14,3,212552,3.0,0.0,2,3,2,8,9,1044,0,94.27,2785,-1,-1,-1,14,0,3,1,1,2013,0,0,5.0,4.0,0.0,0.0,5.571428571428571,0.0,2.8784916685156974,4.387538
499051,2013-01-14,15,308916,1.0,0.0,0,2,1,15,4,3004,0,94.27,1368,-1,-1,-1,14,0,3,1,1,2013,0,0,2.0,1.0,0.0,0.0,2.0,0.0,1.0,2.1296034
492046,2013-01-14,6,838406,2.0,0.0,2,3,2,13,5,2124,1,94.27,1545,-1,-1,-1,14,0,3,1,1,2013,0,0,6.0,1.0,0.0,0.0,3.142857142857143,0.0,2.193062655175134,3.963505
499030,2013-01-14,15,265559,43.0,0.0,0,2,1,15,9,1072,0,94.27,1368,-1,-1,-1,14,0,3,1,1,2013,0,0,30.0,28.0,0.0,0.0,43.285714285714285,0.0,11.729084728631998,31.044031
495066,2013-01-14,9,664539,1.0,0.0,2,3,0,6,15,4126,0,94.27,2009,-1,-1,-1,14,0,3,1,1,2013,0,0,2.0,7.0,0.0,0.0,4.142857142857143,0.0,2.1157009420498167,3.0530996
495975,2013-01-14,10,932281,1.0,0.0,2,3,1,15,4,3024,0,94.27,1000,-1,-1,-1,14,0,3,1,1,2013,0,0,3.0,0.0,0.0,0.0,0.0,0.0,0.0,2.1763775
488336,2013-01-14,3,219147,21.0,0.0,2,3,2,8,2,1122,0,94.27,2785,-1,-1,-1,14,0,3,1,1,2013,0,0,22.0,0.0,0.0,0.0,0.0,0.0,0.0,15.078599
499031,2013-01-14,15,265700,4.0,0.0,0,2,1,15,4,3090,0,94.27,1368,-1,-1,-1,14,0,3,1,1,2013,0,0,2.0,2.0,0.0,0.0,2.0,0.0,0.5773502691896258,2.4182527
491184,2013-01-14,5,982727,3.0,0.0,4,4,2,4,4,3018,0,94.27,1457,-1,-1,-1,14,0,3,1,1,2013,0,0,7.0,3.0,0.0,0.0,6.428571428571429,0.0,3.101458950082625,4.997892
495065,2013-01-14,9,664537,1.0,0.0,2,3,0,6,9,1026,0,94.27,2009,-1,-1,-1,14,0,3,1,1,2013,0,0,6.0,4.0,0.0,0.0,3.4285714285714284,0.0,1.9880595947760102,3.3333793
492047,2013-01-14,6,838407,12.0,0.0,2,3,2,13,5,2124,1,94.27,1545,-1,-1,-1,14,0,3,1,1,2013,0,0,17.0,9.0,0.0,0.0,7.571428571428571,0.0,5.28700113035556,7.8468423
499032,2013-01-14,15,268440,2.0,0.0,0,2,1,15,4,3026,0,94.27,1368,-1,-1,-1,14,0,3,1,1,2013,0,0,5.0,5.0,0.0,0.0,5.857142857142857,0.0,3.078342163598854,4.6574445
499033,2013-01-14,15,268446,4.0,0.0,0,2,1,15,4,3026,0,94.27,1368,-1,-1,-1,14,0,3,1,1,2013,0,0,1.0,4.0,0.0,0.0,2.2857142857142856,0.0,1.1126972805283715,2.553956
488335,2013-01-14,3,215896,28.0,0.0,2,3,2,8,9,1044,0,94.27,2785,-1,-1,-1,14,0,3,1,1,2013,0,0,31.0,49.0,0.0,0.0,31.285714285714285,0.0,12.270755012281374,29.160788
497383,2013-01-14,12,788172,1.0,0.0,1,1,1,15,4,3004,0,94.27,1147,-1,-1,-1,14,0,3,1,1,2013,0,0,1.0,1.0,0.0,0.0,2.142857142857143,0.0,1.864454471471609,2.094722
495064,2013-01-14,9,663084,7.0,0.0,2,3,0,6,9,1004,0,94.27,2009,-1,-1,-1,14,0,3,1,1,2013,0,0,12.0,15.0,0.0,0.0,10.857142857142858,0.0,3.0237157840738162,9.891835
492048,2013-01-14,6,838408,13.0,0.0,2,3,2,13,5,2124,1,94.27,1545,-1,-1,-1,14,0,3,1,1,2013,0,0,18.0,4.0,0.0,0.0,7.571428571428571,0.0,5.740416444159862,8.296484
488334,2013-01-14,3,215468,2.0,0.0,2,3,2,8,12,7034,0,94.27,2785,-1,-1,-1,14,0,3,1,1,2013,0,0,15.0,2.0,0.0,0.0,7.571428571428571,0.0,4.577377082170633,7.8494167
489850,2013-01-14,4,584078,6.108,0.0,2,3,2,9,14,2302,1,94.27,1321,-1,-1,-1,14,0,3,1,1,2013,0,0,20.832,14.667,0.0,0.0,16.919142857142855,0.0,7.5878251040415945,12.956101
499034,2013-01-14,15,268662,2.0,0.0,0,2,1,15,9,1028,0,94.27,1368,-1,-1,-1,14,0,3,1,1,2013,0,0,2.0,1.0,0.0,0.0,1.7142857142857142,0.0,0.755928946018455,2.0040483
499035,2013-01-14,15,268676,1.0,0.0,0,2,1,15,9,1062,0,94.27,1368,-1,-1,-1,14,0,3,1,1,2013,0,0,2.0,1.0,0.0,0.0,2.2857142857142856,0.0,1.3801311186847083,2.1998975
495063,2013-01-14,9,660323,48.0,0.0,2,3,0,6,3,2756,1,94.27,2009,-1,-1,-1,14,0,3,1,1,2013,0,0,39.0,37.0,0.0,0.0,28.571428571428573,0.0,9.253056123197766,32.49161
499036,2013-01-14,15,268834,9.0,0.0,0,2,1,15,9,1056,0,94.27,1368,-1,-1,-1,14,0,3,1,1,2013,0,0,2.0,5.0,0.0,0.0,5.714285714285714,0.0,3.7733400639347674,4.460339
492049,2013-01-14,6,838409,3.0,0.0,2,3,2,13,5,2124,1,94.27,1545,-1,-1,-1,14,0,3,1,1,2013,0,0,10.0,2.0,0.0,0.0,6.285714285714286,0.0,2.984084768360628,6.084579
488333,2013-01-14,3,215370,6.0,0.0,2,3,2,8,3,2718,1,94.27,2785,-1,-1,-1,14,0,3,1,1,2013,0,0,12.0,7.0,0.0,0.0,6.428571428571429,0.0,3.309438162646486,6.758169
497382,2013-01-14,12,783243,21.0,0.0,1,1,1,15,9,1016,0,94.27,1147,-1,-1,-1,14,0,3,1,1,2013,0,0,7.0,11.0,0.0,0.0,4.714285714285714,0.0,3.773340063934768,7.4436655
491183,2013-01-14,5,982726,3.0,0.0,4,4,2,4,4,3018,0,94.27,1457,-1,-1,-1,14,0,3,1,1,2013,0,0,10.0,6.0,0.0,0.0,5.428571428571429,0.0,2.5727509827124004,4.8532915
488337,2013-01-14,3,219150,27.0,0.0,2,3,2,8,2,1122,0,94.27,2785,-1,-1,-1,14,0,3,1,1,2013,0,0,59.0,66.0,0.0,0.0,61.42857142857143,0.0,27.330429578628667,47.563713
489851,2013-01-14,4,584099,3.628,0.0,2,3,2,9,14,2302,1,94.27,1321,-1,-1,-1,14,0,3,1,1,2013,0,0,4.859,5.454,0.0,0.0,8.04957142857143,0.0,3.316143737191481,6.6023417
489849,2013-01-14,4,584076,5.405,0.0,2,3,2,9,14,2302,1,94.27,1321,-1,-1,-1,14,0,3,1,1,2013,0,0,11.405,5.605,0.0,0.0,5.875571428571428,0.0,2.5684344036230096,6.437987
499029,2013-01-14,15,265279,21.0,0.0,0,2,1,15,3,2718,1,94.27,1368,-1,-1,-1,14,0,3,1,1,2013,0,0,33.0,31.0,0.0,0.0,25.428571428571427,0.0,10.860588425696875,22.591003
499023,2013-01-14,15,264299,26.0,0.0,0,2,1,15,4,3032,0,94.27,1368,-1,-1,-1,14,0,3,1,1,2013,0,0,4.0,9.0,0.0,0.0,7.285714285714286,0.0,2.6903708365382015,5.9879675
492042,2013-01-14,6,838215,15.0,0.0,2,3,2,13,5,2124,1,94.27,1545,-1,-1,-1,14,0,3,1,1,2013,0,0,20.0,18.0,0.0,0.0,11.714285714285714,0.0,5.122313465427048,12.005247
495070,2013-01-14,9,668753,1.0,0.0,2,3,0,6,4,3016,0,94.27,2009,-1,-1,-1,14,0,3,1,1,2013,0,0,4.0,1.0,0.0,0.0,2.142857142857143,0.0,1.4638501094227994,2.6547267
488343,2013-01-14,3,222975,5.0,0.0,2,3,2,8,9,1072,0,94.27,2785,-1,-1,-1,14,0,3,1,1,2013,0,0,5.0,8.0,0.0,0.0,4.714285714285714,0.0,3.251373336211726,4.655481
489847,2013-01-14,4,584027,5.538,0.0,2,3,2,9,14,2302,1,94.27,1321,-1,-1,-1,14,0,3,1,1,2013,0,0,23.259,12.72,0.0,0.0,14.443428571428571,0.0,6.466131580709417,14.519083
499024,2013-01-14,15,264305,10.0,0.0,0,2,1,15,15,4126,0,94.27,1368,-1,-1,-1,14,0,3,1,1,2013,0,0,9.0,10.0,0.0,0.0,19.857142857142858,0.0,9.136530549184986,15.662862
492043,2013-01-14,6,838216,14.0,0.0,2,3,2,13,5,2124,1,94.27,1545,-1,-1,-1,14,0,3,1,1,2013,0,0,36.0,20.0,0.0,0.0,17.571428571428573,0.0,9.761440174775151,20.008045
495069,2013-01-14,9,668752,4.0,0.0,2,3,0,6,4,3016,0,94.27,2009,-1,-1,-1,14,0,3,1,1,2013,0,0,7.0,9.0,0.0,0.0,5.714285714285714,0.0,2.563479777846623,4.7394085
488342,2013-01-14,3,222879,14.0,0.0,2,3,2,8,9,1058,0,94.27,2785,-1,-1,-1,14,0,3,1,1,2013,0,0,29.0,16.0,0.0,0.0,15.571428571428571,0.0,7.721337165222591,13.875405
499025,2013-01-14,15,264752,8.0,0.0,0,2,1,15,4,3034,0,94.27,1368,-1,-1,-1,14,0,3,1,1,2013,0,0,6.0,4.0,0.0,0.0,4.714285714285714,0.0,2.4976179127511156,4.196252
491185,2013-01-14,5,983310,2.0,0.0,4,4,2,4,3,2708,1,94.27,1457,-1,-1,-1,14,0,3,1,1,2013,0,0,2.0,2.0,0.0,0.0,2.142857142857143,0.0,1.0690449676496978,2.1931417
499026,2013-01-14,15,265237,5.0,0.0,0,2,1,15,9,1060,0,94.27,1368,-1,-1,-1,14,0,3,1,1,2013,0,0,7.0,5.0,0.0,0.0,5.571428571428571,0.0,1.618347187425374,4.735718
488341,2013-01-14,3,221506,8.0,0.0,2,3,2,8,4,3046,0,94.27,2785,-1,-1,-1,14,0,3,1,1,2013,0,0,5.0,10.0,0.0,0.0,7.428571428571429,0.0,2.149196970742242,6.6029654
492044,2013-01-14,6,838217,3.0,0.0,2,3,2,13,5,2124,1,94.27,1545,-1,-1,-1,14,0,3,1,1,2013,0,0,12.0,8.0,0.0,0.0,8.714285714285714,0.0,3.9880774697543067,7.9314866
495068,2013-01-14,9,664545,4.0,0.0,2,3,0,6,15,4126,0,94.27,2009,-1,-1,-1,14,0,3,1,1,2013,0,0,7.0,5.0,0.0,0.0,5.142857142857143,0.0,3.4364987719368982,3.8763745
495973,2013-01-14,10,916887,2.0,0.0,2,3,1,15,4,3024,0,94.27,1000,-1,-1,-1,14,0,3,1,1,2013,0,0,2.0,2.0,0.0,0.0,2.4285714285714284,0.0,1.7182493859684491,2.1097448
488340,2013-01-14,3,220613,7.0,0.0,2,3,2,8,6,2632,1,94.27,2785,-1,-1,-1,14,0,3,1,1,2013,0,0,5.0,2.0,0.0,0.0,4.857142857142857,0.0,1.7728105208558338,4.0660696
489848,2013-01-14,4,584028,69.727,0.0,2,3,2,9,14,2302,1,94.27,1321,-1,-1,-1,14,0,3,1,1,2013,0,0,93.98,10.03,0.0,0.0,66.76914285714285,0.0,31.889788414833625,68.68088
499027,2013-01-14,15,265254,12.0,0.0,0,2,1,15,9,1016,0,94.27,1368,-1,-1,-1,14,0,3,1,1,2013,0,0,12.0,11.0,0.0,0.0,10.571428571428571,0.0,6.654751256486922,9.665142
497384,2013-01-14,12,793341,3.0,0.0,1,1,1,15,4,3020,0,94.27,1147,-1,-1,-1,14,0,3,1,1,2013,0,0,3.0,5.0,0.0,0.0,3.2857142857142856,0.0,1.3801311186847098,2.7701652
499028,2013-01-14,15,265266,3.0,0.0,0,2,1,15,17,2986,1,94.27,1368,-1,-1,-1,14,0,3,1,1,2013,0,0,1.0,11.0,0.0,0.0,4.142857142857143,0.0,3.8047589248453675,5.7149773
488339,2013-01-14,3,220435,45.0,0.0,2,3,2,8,9,1080,0,94.27,2785,-1,-1,-1,14,0,3,1,1,2013,0,0,69.0,74.0,0.0,0.0,55.285714285714285,0.0,13.487207342691883,55.94016
492045,2013-01-14,6,838400,2.0,0.0,2,3,2,13,5,2102,1,94.27,1545,-1,-1,-1,14,0,3,1,1,2013,0,0,7.0,5.0,0.0,0.0,4.0,0.0,1.6329931618554518,4.3606243
495067,2013-01-14,9,664543,5.0,0.0,2,3,0,6,15,4126,0,94.27,2009,-1,-1,-1,14,0,3,1,1,2013,0,0,9.0,9.0,0.0,0.0,5.714285714285714,0.0,2.927700218845598,4.8108926
488338,2013-01-14,3,219152,4.0,0.0,2,3,2,8,2,1122,0,94.27,2785,-1,-1,-1,14,0,3,1,1,2013,0,0,14.0,11.0,0.0,0.0,13.714285714285714,0.0,6.824326235712106,11.981541
495974,2013-01-14,10,926958,2.0,0.0,2,3,1,15,9,1026,0,94.27,1000,-1,-1,-1,14,0,3,1,1,2013,0,0,1.0,1.0,0.0,0.0,2.7142857142857144,0.0,1.3801311186847085,2.1683378
488332,2013-01-14,3,215356,7.0,0.0,2,3,2,8,9,1016,0,94.27,2785,-1,-1,-1,14,0,3,1,1,2013,0,0,12.0,2.0,0.0,0.0,5.714285714285714,0.0,3.3523268393901016,9.760344
495976,2013-01-14,10,938566,3.0,0.0,2,3,1,15,9,1042,0,94.27,1000,-1,-1,-1,14,0,3,1,1,2013,0,0,14.0,14.0,0.0,0.0,8.857142857142858,0.0,5.304984179322042,7.6484394
499037,2013-01-14,15,269036,7.0,0.0,0,2,1,15,2,1122,0,94.27,1368,-1,-1,-1,14,0,3,1,1,2013,0,0,3.0,0.0,0.0,0.0,0.0,0.0,0.0,3.620597
491182,2013-01-14,5,979553,2.0,0.0,4,4,2,4,8,2228,0,94.27,1457,-1,-1,-1,14,0,3,1,1,2013,0,0,0.0,0.0,0.0,0.0,0.0,0.0,0.0,2.9991415
497379,2013-01-14,12,770461,3.0,0.0,1,1,1,15,9,1030,0,94.27,1147,-1,-1,-1,14,0,3,1,1,2013,0,0,1.0,0.0,0.0,0.0,0.0,0.0,0.0,1.5023801
491181,2013-01-14,5,979199,1.0,0.0,4,4,2,4,4,3028,0,94.27,1457,-1,-1,-1,14,0,3,1,1,2013,0,0,6.0,6.0,0.0,0.0,4.0,0.0,2.309401076758503,3.6875343
499045,2013-01-14,15,305234,2.0,0.0,0,2,1,15,9,1044,0,94.27,1368,-1,-1,-1,14,0,3,1,1,2013,0,0,2.0,1.0,0.0,0.0,1.1428571428571428,0.0,0.37796447300922725,2.2995985
488324,2013-01-14,3,214381,16.0,0.0,2,3,2,8,4,3032,0,94.27,2785,-1,-1,-1,14,0,3,1,1,2013,0,0,17.0,32.0,0.0,0.0,20.571428571428573,0.0,7.067699834626598,20.90847
495056,2013-01-14,9,660310,15.0,0.0,2,3,0,6,3,2752,1,94.27,2009,-1,-1,-1,14,0,3,1,1,2013,0,0,15.0,8.0,0.0,0.0,11.857142857142858,0.0,2.7342623276105877,11.531474
492054,2013-01-14,6,839363,28.0,0.0,2,3,2,13,2,1124,0,94.27,1545,-1,-1,-1,14,0,3,1,1,2013,0,0,39.0,9.0,0.0,0.0,19.571428571428573,0.0,9.44911182523069,20.174128
489854,2013-01-14,4,586969,8.0,0.0,2,3,2,9,9,1004,0,94.27,1321,-1,-1,-1,14,0,3,1,1,2013,0,0,11.0,5.0,0.0,0.0,5.571428571428571,0.0,3.207134902949092,8.133239
488323,2013-01-14,3,213788,21.0,0.0,2,3,2,8,9,1096,0,94.27,2785,-1,-1,-1,14,0,3,1,1,2013,0,0,13.0,6.0,0.0,0.0,9.0,0.0,4.830458915396474,7.71811
499046,2013-01-14,15,305237,1.0,0.0,0,2,1,15,9,1044,0,94.27,1368,-1,-1,-1,14,0,3,1,1,2013,0,0,3.0,7.0,0.0,0.0,3.142857142857143,0.0,1.7728105208558376,2.7455928
497378,2013-01-14,12,770456,12.0,0.0,1,1,1,15,9,1016,0,94.27,1147,-1,-1,-1,14,0,3,1,1,2013,0,0,2.0,38.0,0.0,0.0,25.285714285714285,0.0,15.68135076786314,22.288467
499047,2013-01-14,15,305344,2.0,0.0,0,2,1,15,9,1092,0,94.27,1368,-1,-1,-1,14,0,3,1,1,2013,0,0,11.0,4.0,0.0,0.0,5.714285714285714,0.0,4.19182878603463,5.334635
497377,2013-01-14,12,770453,1.0,0.0,1,1,1,15,9,1016,0,94.27,1147,-1,-1,-1,14,0,3,1,1,2013,0,0,1.0,2.0,0.0,0.0,3.142857142857143,0.0,2.911389784311005,3.3510873
492055,2013-01-14,6,839367,9.0,0.0,2,3,2,13,2,1124,0,94.27,1545,-1,-1,-1,14,0,3,1,1,2013,0,0,13.0,9.0,0.0,0.0,8.142857142857142,0.0,4.4507891221134965,7.637666
488322,2013-01-14,3,213653,1.0,0.0,2,3,2,8,9,1048,0,94.27,2785,-1,-1,-1,14,0,3,1,1,2013,0,0,4.0,3.0,0.0,0.0,4.285714285714286,0.0,1.7043362064926895,3.621944
499048,2013-01-14,15,305345,1.0,0.0,0,2,1,15,9,1092,0,94.27,1368,-1,-1,-1,14,0,3,1,1,2013,0,0,1.0,1.0,0.0,0.0,2.142857142857143,0.0,1.3451854182690985,1.9684054
495055,2013-01-14,9,657869,4.0,0.0,2,3,0,6,9,1004,0,94.27,2009,-1,-1,-1,14,0,3,1,1,2013,0,0,2.0,0.0,0.0,0.0,0.0,0.0,0.0,2.4965737
488321,2013-01-14,3,213652,25.0,0.0,2,3,2,8,9,1048,0,94.27,2785,-1,-1,-1,14,0,3,1,1,2013,0,0,16.0,25.0,0.0,0.0,21.857142857142858,0.0,7.55928946018455,20.694164
489855,2013-01-14,4,587069,15.0,0.0,2,3,2,9,9,1004,0,94.27,1321,-1,-1,-1,14,0,3,1,1,2013,0,0,31.0,13.0,0.0,0.0,18.857142857142858,0.0,6.593647736738026,16.486387
499049,2013-01-14,15,308085,3.0,0.0,0,2,1,15,2,1124,0,94.27,1368,-1,-1,-1,14,0,3,1,1,2013,0,0,2.0,13.0,0.0,0.0,7.428571428571429,0.0,6.294366339755544,6.903894
495979,2013-01-14,10,938574,4.0,0.0,2,3,1,15,9,1042,0,94.27,1000,-1,-1,-1,14,0,3,1,1,2013,0,0,6.0,1.0,0.0,0.0,3.0,0.0,1.8257418583505534,3.8829002
488320,2013-01-14,3,213066,2.0,0.0,2,3,2,8,9,1074,0,94.27,2785,-1,-1,-1,14,0,3,1,1,2013,0,0,9.0,4.0,0.0,0.0,9.0,0.0,4.163331998932266,7.0464377
499050,2013-01-14,15,308766,1.0,0.0,0,2,1,15,4,3026,0,94.27,1368,-1,-1,-1,14,0,3,1,1,2013,0,0,1.0,1.0,0.0,0.0,1.8571428571428572,0.0,1.4638501094227998,2.2767563
495054,2013-01-14,9,655840,1.0,0.0,2,3,0,6,12,7034,0,94.27,2009,-1,-1,-1,14,0,3,1,1,2013,0,0,4.0,3.0,0.0,0.0,3.142857142857143,0.0,2.1157009420498154,2.2422638
492056,2013-01-14,6,839544,10.0,0.0,2,3,2,13,5,2142,1,94.27,1545,-1,-1,-1,14,0,3,1,1,2013,0,0,7.0,6.0,0.0,0.0,4.571428571428571,0.0,1.7182493859684491,4.576366
488325,2013-01-14,3,214859,1.0,0.0,2,3,2,8,4,3032,0,94.27,2785,-1,-1,-1,14,0,3,1,1,2013,0,0,3.0,5.0,0.0,0.0,4.285714285714286,0.0,2.751622897751175,4.119703
499044,2013-01-14,15,305074,10.0,0.0,0,2,1,15,9,1044,0,94.27,1368,-1,-1,-1,14,0,3,1,1,2013,0,0,2.0,8.0,0.0,0.0,5.571428571428571,0.0,2.2253945610567487,4.328678
492053,2013-01-14,6,839362,42.0,0.0,2,3,2,13,2,1124,0,94.27,1545,-1,-1,-1,14,0,3,1,1,2013,0,0,89.0,108.0,0.0,0.0,61.285714285714285,0.0,27.950636759081096,50.509277
495057,2013-01-14,9,660311,6.0,0.0,2,3,0,6,3,2752,1,94.27,2009,-1,-1,-1,14,0,3,1,1,2013,0,0,8.0,7.0,0.0,0.0,6.285714285714286,0.0,1.7043362064926857,9.655899
495062,2013-01-14,9,660321,27.0,0.0,2,3,0,6,3,2756,1,94.27,2009,-1,-1,-1,14,0,3,1,1,2013,0,0,13.0,10.0,0.0,0.0,17.714285714285715,0.0,8.499299691038976,16.82719
488331,2013-01-14,3,215352,23.0,0.0,2,3,2,8,9,1016,0,94.27,2785,-1,-1,-1,14,0,3,1,1,2013,0,0,50.0,35.0,0.0,0.0,28.714285714285715,0.0,11.898379241368493,33.66477
499038,2013-01-14,15,269084,2.0,0.0,0,2,1,15,3,2720,1,94.27,1368,-1,-1,-1,14,0,3,1,1,2013,0,0,1.0,5.0,0.0,0.0,2.7142857142857144,0.0,2.214669705568283,3.1977894
492050,2013-01-14,6,838412,2.0,0.0,2,3,2,13,5,2128,1,94.27,1545,-1,-1,-1,14,0,3,1,1,2013,0,0,1.0,9.0,0.0,0.0,5.285714285714286,0.0,3.3022358947782493,4.565894
497381,2013-01-14,12,771157,1.0,0.0,1,1,1,15,4,3034,0,94.27,1147,-1,-1,-1,14,0,3,1,1,2013,0,0,4.0,4.0,0.0,0.0,2.5714285714285716,0.0,1.2724180205607039,2.9760113
495061,2013-01-14,9,660320,20.0,0.0,2,3,0,6,3,2756,1,94.27,2009,-1,-1,-1,14,0,3,1,1,2013,0,0,16.0,16.0,0.0,0.0,22.714285714285715,0.0,8.90157824422699,20.122244
488330,2013-01-14,3,215332,3.0,0.0,2,3,2,8,9,1040,0,94.27,2785,-1,-1,-1,14,0,3,1,1,2013,0,0,6.0,6.0,0.0,0.0,6.285714285714286,0.0,3.6839419880650364,5.51402
492051,2013-01-14,6,838413,4.0,0.0,2,3,2,13,5,2128,1,94.27,1545,-1,-1,-1,14,0,3,1,1,2013,0,0,4.0,2.0,0.0,0.0,2.7142857142857144,0.0,1.38013111868471,3.1897585
499039,2013-01-14,15,273528,21.0,0.0,0,2,1,15,15,4114,0,94.27,1368,-1,-1,-1,14,0,3,1,1,2013,0,0,26.0,26.0,0.0,0.0,26.428571428571427,0.0,7.480132415430953,20.848455
488329,2013-01-14,3,215331,8.0,0.0,2,3,2,8,9,1040,0,94.27,2785,-1,-1,-1,14,0,3,1,1,2013,0,0,12.0,8.0,0.0,0.0,9.0,0.0,3.6055512754639896,7.8839436
495060,2013-01-14,9,660319,25.0,0.0,2,3,0,6,3,2756,1,94.27,2009,-1,-1,-1,14,0,3,1,1,2013,0,0,41.0,22.0,0.0,0.0,33.142857142857146,0.0,9.044861735235305,31.736551
499040,2013-01-14,15,275823,1.0,0.0,0,2,1,15,4,3018,0,94.27,1368,-1,-1,-1,14,0,3,1,1,2013,0,0,3.0,2.0,0.0,0.0,2.7142857142857144,0.0,1.704336206492694,2.5760126
497376,2013-01-14,12,770449,3.0,0.0,1,1,1,15,9,1016,0,94.27,1147,-1,-1,-1,14,0,3,1,1,2013,0,0,4.0,28.0,0.0,0.0,10.714285714285714,0.0,8.479667558622916,9.7375345
495977,2013-01-14,10,938567,7.0,0.0,2,3,1,15,9,1042,0,94.27,1000,-1,-1,-1,14,0,3,1,1,2013,0,0,17.0,20.0,0.0,0.0,12.0,0.0,7.302967433402213,9.595451
489852,2013-01-14,4,584188,1.612,0.0,2,3,2,9,14,2302,1,94.27,1321,-1,-1,-1,14,0,3,1,1,2013,0,0,2.669,0.642,0.0,0.0,2.681857142857143,0.0,1.2732686844720305,3.028189
488328,2013-01-14,3,215327,7.0,0.0,2,3,2,8,9,1040,0,94.27,2785,-1,-1,-1,14,0,3,1,1,2013,0,0,3.0,4.0,0.0,0.0,3.4285714285714284,0.0,1.7182493859684471,3.241495
497380,2013-01-14,12,771156,2.0,0.0,1,1,1,15,4,3034,0,94.27,1147,-1,-1,-1,14,0,3,1,1,2013,0,0,4.0,5.0,0.0,0.0,3.857142857142857,0.0,1.8644544714716076,3.192654
495059,2013-01-14,9,660318,15.0,0.0,2,3,0,6,3,2756,1,94.27,2009,-1,-1,-1,14,0,3,1,1,2013,0,0,23.0,12.0,0.0,0.0,11.571428571428571,0.0,8.599557020706412,13.807462
495978,2013-01-14,10,938570,1.0,0.0,2,3,1,15,9,1042,0,94.27,1000,-1,-1,-1,14,0,3,1,1,2013,0,0,6.0,0.0,0.0,0.0,0.0,0.0,0.0,4.2340384
488327,2013-01-14,3,215304,4.0,0.0,2,3,2,8,9,1026,0,94.27,2785,-1,-1,-1,14,0,3,1,1,2013,0,0,13.0,15.0,0.0,0.0,10.0,0.0,4.123105625617661,8.441257
499042,2013-01-14,15,279494,2.0,0.0,0,2,1,15,9,1062,0,94.27,1368,-1,-1,-1,14,0,3,1,1,2013,0,0,1.0,2.0,0.0,0.0,1.5714285714285714,0.0,0.5345224838248488,1.6755089
495058,2013-01-14,9,660312,13.0,0.0,2,3,0,6,3,2752,1,94.27,2009,-1,-1,-1,14,0,3,1,1,2013,0,0,20.0,19.0,0.0,0.0,18.714285714285715,0.0,1.2535663410560152,18.279629
499043,2013-01-14,15,302824,7.0,0.0,0,2,1,15,4,3008,0,94.27,1368,-1,-1,-1,14,0,3,1,1,2013,0,0,5.0,7.0,0.0,0.0,4.428571428571429,0.0,1.618347187425374,3.3239658
492052,2013-01-14,6,838875,3.0,0.0,2,3,2,13,9,1042,0,94.27,1545,-1,-1,-1,14,0,3,1,1,2013,0,0,1.0,7.0,0.0,0.0,4.428571428571429,0.0,3.9940431835899015,3.7537198
488326,2013-01-14,3,214862,9.0,0.0,2,3,2,8,4,3034,0,94.27,2785,-1,-1,-1,14,0,3,1,1,2013,0,0,11.0,15.0,0.0,0.0,10.571428571428571,0.0,2.3704530408864057,9.008616
489853,2013-01-14,4,586823,2.0,0.0,2,3,2,9,4,3046,0,94.27,1321,-1,-1,-1,14,0,3,1,1,2013,0,0,3.0,6.0,0.0,0.0,2.2857142857142856,0.0,1.8898223650461357,2.58198
499041,2013-01-14,15,279137,2.0,0.0,0,2,1,15,9,1086,0,94.27,1368,-1,-1,-1,14,0,3,1,1,2013,0,0,1.0,0.0,0.0,0.0,0.0,0.0,0.0,1.6742972
493800,2013-01-14,8,463458,7.0,0.0,2,3,2,8,4,3020,0,94.27,2622,-1,-1,-1,14,0,3,1,1,2013,0,0,9.0,5.0,0.0,0.0,6.142857142857143,0.0,2.6095064302514777,5.526704
